ID,Date Added,Responsible,Category,Est Time,Task Name EN,Task Name FR,Description EN,Description FR,YouTube Link,Worksheet,Date assigned,Date Completed,IsDone,Points
1,2026-06-03,Mom,Housework,10,Dishwasher,,Empty the dishwasher,,,,2026-06-03,2026-06-03,Yes,2
2,2026-06-03,Oliver,Housework,10,Sweep Bedroom,,"Clean off bedroom floor. Put away dirty laundry, Sweep under bedsite table",,,,2026-06-04,,,2
3,2026-05-28,Mom,Housework,0,Renew library cards,,Check expiration on all library cards and renew online at the library website,,,,2026-05-28,2026-05-28,Yes,0
4,2026-05-30,Oliver,School,90,Book report draft,,Write first draft of your book report on Charlotte's Web — at least 3 paragraphs,,,,,,,18
5,2026-06-01,Logan,School,60,Math and Science,,5 science on life cycles and 10 on money,,,,2026-06-03,2026-06-03,Yes,12
6,2026-06-02,Mom,Admin,5,Dentist appointments,,Book annual checkup appointments for Oliver and Logan before school ends June 27,,,,2026-06-04,2026-06-04,Yes,1
7,2026-06-03,Family,Housework,30,Weekend clean-up,,Everyone picks one room to tidy before Sunday dinner — 20 minutes each,,,,,,,6
8,2026-06-03,Oliver,School,20,Reading log,,Language Arts task due 2026-06-05. Read for 20 minutes and update the reading log.,,,,,,,4
9,2026-06-03,Oliver,School,20,Math practice,,Math task due 2026-06-06. Complete the assigned math practice.,,,,,,,4
10,2026-06-03,Logan,School,20,Spelling words,,Language Arts task due 2026-06-05. Practice the spelling words out loud and in writing.,,,,,,,4
11,2026-06-03,Logan,School,20,Science drawing,,Science task due 2026-06-07. Finish the science drawing.,,,,,,,4
12,2026-06-03,Oliver,Brain Activation,10,Cross-Lateral Brain Wake-Up,,Complete all cross-body movements for 2 minutes.,,,,2026-06-03,2026-06-03,Yes,2
13,2026-06-03,Logan,Brain Activation,10,Opposite Day Challenge,,Play the opposite game for 5 minutes and complete 20 commands correctly.,,,,2026-06-04,,,2
14,2026-06-03,Logan,Brain Activation,10,Memory Tray Detective,,"Study 10 objects, then recall as many as possible from memory.",,,,,,,2
15,2026-06-03,Logan,Brain Activation,10,Number-Body Pattern,,Complete 10 number-action sequences without mistakes.,,,,,,,2
16,2026-06-03,Logan,Brain Activation,10,Mystery Category Race,,Name items in a category without repeating or pausing longer than 3 seconds.,,,,,,,2
18,2026-06-03,Mom,NCSO Study,15,NCSO 01 - Exam map and weak spots,,Study point: Review the NCSO exam structure and list 3 weak areas to prioritize. Note that national/provincial exams are closed-book and typically require 75% to pass.,,,,2026-06-05,,,3
19,2026-06-03,Mom,NCSO Study,15,NCSO 02 - Health and safety program basics,,"Study point: Name the core pieces of a construction health and safety program: policy, roles, hazard control, training, inspections, investigations, emergency response, records, and review.",,,,,,,3
20,2026-06-03,Mom,NCSO Study,15,NCSO 03 - Internal responsibility system,,"Study point: Explain how employers, supervisors, workers, contractors, and safety personnel each share responsibility for site safety. Make one jobsite example for each role.",,,,,,,3
21,2026-06-03,Mom,NCSO Study,15,NCSO 04 - Legislation and due diligence,,Study point: Review employer/supervisor/worker legal duties and the idea of due diligence. Write the proof you would need to show reasonable care was taken.,,,,,,,3
22,2026-06-03,Mom,NCSO Study,15,NCSO 05 - Worker rights and responsibilities,,"Study point: Memorize the rights to know, participate, and refuse unsafe work. Add what the worker must do when reporting a hazard or refusing work.",,,,,,,3
23,2026-06-03,Mom,NCSO Study,15,NCSO 06 - Hazard identification methods,,"Study point: Compare formal inspections, FLHA/JHA, worker observations, incident trends, and pre-job planning as ways to find hazards before work starts.",,,,,,,3
24,2026-06-03,Mom,NCSO Study,15,NCSO 07 - Risk assessment ranking,,"Study point: Practice rating a hazard by severity and likelihood. Pick one construction hazard and decide if it is low, medium, high, or critical risk.",,,,,,,3
25,2026-06-03,Mom,NCSO Study,15,NCSO 08 - Hierarchy of controls,,"Study point: Put controls in order: elimination, substitution, engineering, administrative, PPE. Give one example for falls, silica/dust, and moving equipment.",,,,,,,3
26,2026-06-03,Mom,NCSO Study,15,NCSO 09 - Safe work practices and procedures,,Study point: Know the difference between a safe work practice and a safe job procedure. Draft a 4-step procedure for a routine site task.,,,,,,,3
27,2026-06-03,Mom,NCSO Study,15,NCSO 10 - FLHA/JHA walkthrough,,"Study point: Take one job, break it into steps, identify hazards for each step, and choose controls. Focus on controls that are specific and measurable.",,,,,,,3
28,2026-06-03,Mom,NCSO Study,15,NCSO 11 - Site inspections,,"Study point: Review what a good inspection records: location, hazard, risk, corrective action, responsible person, due date, and follow-up evidence.",,,,,,,3
29,2026-06-03,Mom,NCSO Study,15,NCSO 12 - Incident investigation steps,,"Study point: Memorize the investigation flow: secure scene, care for people, report, gather facts, interview, analyze causes, recommend controls, follow up.",,,,,,,3
30,2026-06-03,Mom,NCSO Study,15,NCSO 13 - Root cause vs direct cause,,"Study point: Sort examples into immediate causes, basic/root causes, and system weaknesses. Avoid blaming workers without identifying failed controls.",,,,,,,3
31,2026-06-03,Mom,NCSO Study,15,NCSO 14 - Corrective actions,,"Study point: Turn one incident finding into a SMART corrective action. Include owner, due date, verification method, and how recurrence will be prevented.",,,,,,,3
32,2026-06-03,Mom,NCSO Study,15,NCSO 15 - WHMIS and SDS,,"Study point: Review WHMIS pictograms, labels, and SDS sections. Pick one product and find hazards, PPE, first aid, storage, and spill response.",,,,,,,3
33,2026-06-03,Mom,NCSO Study,15,NCSO 16 - PPE selection and limits,,"Study point: Match PPE to hazards, then state the limitations. Include hard hats, eye/face, hearing, respiratory, gloves, footwear, and fall protection.",,,,,,,3
34,2026-06-03,Mom,NCSO Study,15,NCSO 17 - Occupational hygiene basics,,"Study point: Review exposure routes, monitoring, OEL/TLV concepts, and controls for noise, silica/dust, fumes, heat/cold stress, and ergonomics.",,,,,,,3
35,2026-06-03,Mom,NCSO Study,15,NCSO 18 - Emergency preparedness and first aid,,"Study point: Identify what an emergency plan must cover: contacts, alarms, evacuation, muster, rescue limits, first aid, drills, and communication.",,,,,,,3
36,2026-06-03,Mom,NCSO Study,15,NCSO 19 - Training and orientations,,Study point: Outline what belongs in a site orientation and when refresher training is needed. Include competency checks and training records.,,,,,,,3
37,2026-06-03,Mom,NCSO Study,15,NCSO 20 - Toolbox talks and communication,,"Study point: Prepare a 2-minute toolbox talk on one hazard. Include the hazard, why it matters, controls, worker input, and sign-off documentation.",,,,,,,3
38,2026-06-03,Mom,NCSO Study,15,NCSO 21 - Preventive maintenance,,"Study point: Review how maintenance reduces incidents. Compare pre-use inspections, scheduled maintenance, defects/out-of-service tags, and repair records.",,,,,,,3
39,2026-06-03,Mom,NCSO Study,15,NCSO 22 - Auditing and COR evidence,,"Study point: Review audit evidence types: documents, interviews, and observations. Connect each evidence type to one health and safety program element.",,,,,,,3
40,2026-06-03,Mom,NCSO Study,15,NCSO 23 - Records and safety statistics,,Study point: Review why records matter. Define leading vs lagging indicators and calculate a simple incident rate or inspection completion percentage.,,,,,,,3
41,2026-06-03,Mom,NCSO Study,15,NCSO 24 - Practice questions and recall,,"Study point: Do 10 practice questions or flashcards. For each miss, write the correct answer, why it is correct, and the topic to revisit.",,,,,,,3
42,2026-06-03,Oliver,Brain Activation,5,Movement & Cross-Body - Cross Crawl,,Touch opposite hand to opposite knee while marching in place for 20 reps. Hum while doing it for an extra brain boost.,,,,,,,1
43,2026-06-03,Oliver,Brain Activation,5,Movement & Cross-Body - Brain Buttons,,"Press below the collarbone with one hand while the other hand rests on the belly button. Hold 30 seconds, then switch.",,,,,,,1
44,2026-06-03,Oliver,Brain Activation,5,Movement & Cross-Body - Hook-Ups / Energy Yawn,,"Cross ankles and wrists, clasp hands, pull toward chest, and breathe slowly for 1 minute.",,,,,,,1
45,2026-06-03,Oliver,Brain Activation,5,Movement & Cross-Body - Figure 8 Eyes,,Trace a sideways figure 8 with your thumb while following only with your eyes. Do 5 reps each direction.,,,,,,,1
46,2026-06-03,Oliver,Brain Activation,10,Movement & Cross-Body - Lazy 8 Drawing,,"Draw a large sideways 8, starting in the centre and going left first. Trace with dominant hand, non-dominant hand, then both hands.",,,,,,,2
47,2026-06-03,Oliver,Brain Activation,10,Movement & Cross-Body - Juggling Practice,,"Practice juggling with one ball, then two. Focus on trying, tracking, and coordination rather than perfection.",,,,,,,2
48,2026-06-03,Oliver,Brain Activation,5,Breathing & Calm - Box Breathing,,"Breathe in for 4, hold for 4, out for 4, hold for 4. Repeat 4 rounds.",,,,,,,1
49,2026-06-03,Oliver,Brain Activation,5,Breathing & Calm - 4-7-8 Breathing,,"Breathe in for 4, hold for 7, and breathe out slowly for 8. Repeat calmly.",,,,,,,1
50,2026-06-03,Oliver,Brain Activation,5,Breathing & Calm - Belly Breathing,,Put one hand on chest and one on belly. Take 5 slow breaths so only the belly hand moves.,,,,,,,1
51,2026-06-03,Oliver,Brain Activation,5,Breathing & Calm - Flower and Candle,,"Pretend to smell a flower with a slow nose inhale, then blow out a candle with a long mouth exhale. Do 5 rounds.",,,,,,,1
52,2026-06-03,Oliver,Brain Activation,5,Breathing & Calm - Star Breathing,,"Trace up and down each finger while breathing in and out, completing one calm hand-tracing cycle.",,,,,,,1
53,2026-06-03,Oliver,Brain Activation,10,Music & Rhythm - Mood Playlist Challenge,,"Create or choose songs for three playlists: energy, focus, and calm. Pick one to shift the mood today.",,,,,,,2
54,2026-06-03,Oliver,Brain Activation,5,Music & Rhythm - Body Percussion,,"Make a rhythm using claps, snaps, knee pats, and stomps. Copy someone else's pattern, then switch.",,,,,,,1
55,2026-06-03,Oliver,Brain Activation,5,Music & Rhythm - Humming Meditation,,"Sit comfortably, inhale, then hum one steady note on the exhale. Repeat 5 times and notice the vibration.",,,,,,,1
56,2026-06-03,Oliver,Brain Activation,5,Music & Rhythm - Sing What You Feel,,Pick a simple tune and sing a few lines about what you feel right now. Silly or serious both count.,,,,,,,1
57,2026-06-03,Oliver,Brain Activation,5,Music & Rhythm - Rhythm Mirroring Game,,One person taps a rhythm while the other mirrors it exactly. Switch roles and gradually add complexity.,,,,,,,1
58,2026-06-03,Oliver,Brain Activation,10,Creative Expression - Emotion Colour Map,,"Choose colours for feelings, then fill a page with colours and marks that show today's emotions.",,,,,,,2
59,2026-06-03,Oliver,Brain Activation,5,Creative Expression - Morning Pages,,"Write three unedited lines about anything: dreams, worries, funny thoughts, or what is on your mind.",,,,,,,1
60,2026-06-03,Oliver,Brain Activation,10,Creative Expression - Worry Jar Drawings,,"Draw worries on small papers, fold them, and place them in a jar to contain them outside your head.",,,,,,,2
61,2026-06-03,Oliver,Brain Activation,5,Creative Expression - Gratitude Doodle,,Draw three things you are grateful for today. Simple sketches and stick figures are welcome.,,,,,,,1
62,2026-06-03,Oliver,Brain Activation,15,Creative Expression - Collage Your Day,,Cut or tear pictures from old magazines or flyers and make a collage that shows how the day felt.,,,,,,,3
63,2026-06-03,Oliver,Brain Activation,10,Logic & Problem Solving - Quick Challenges,,"Try quick brain teasers, patterns, categories, and word challenges from the workbook.",,,,,,,2
64,2026-06-03,Oliver,Brain Activation,10,Logic & Problem Solving - Design Challenge,,"Using paper, tape, and 10 toothpicks or straws, build the tallest freestanding tower you can in 10 minutes.",,,,,,,2
65,2026-06-03,Oliver,Brain Activation,10,Logic & Problem Solving - LEGO / Block Architecture,,"Build something that represents how you feel today, then describe it to someone.",,,,,,,2
66,2026-06-03,Oliver,Brain Activation,5,Mindfulness & Grounding - 5-4-3-2-1 Method,,"Name 5 things you see, 4 you touch, 3 you hear, 2 you smell, and 1 you taste.",,,,,,,1
67,2026-06-03,Oliver,Brain Activation,10,Mindfulness & Grounding - Body Scan,,"Starting at the feet and moving to the head, notice each body part without trying to change anything.",,,,,,,2
68,2026-06-03,Oliver,Brain Activation,5,Mindfulness & Grounding - Safe Place Visualization,,"Imagine a real or made-up place where you feel safe. Notice colours, sounds, smells, and temperature.",,,,,,,1
69,2026-06-03,Oliver,Brain Activation,10,Connection & Play - Two Truths and a Wish,,Each person shares two true things and one wish. Guess which one is the wish.,,,,,,,2
70,2026-06-03,Oliver,Brain Activation,5,"Connection & Play - Rose, Bud, Thorn",,"Share a rose, a thorn, and a bud: something good, something hard, and something to look forward to.",,,,,,,1
71,2026-06-03,Oliver,Brain Activation,10,Connection & Play - Compliment Circle,,Go around the table and have each person give one genuine compliment to everyone else.,,,,,,,2
72,2026-06-03,Oliver,Brain Activation,10,Connection & Play - Question Jar,,Pull a question from a jar at a meal or quiet moment and let everyone answer.,,,,,,,2
73,2026-06-03,Oliver,Brain Activation,20,Connection & Play - Outdoor Play Challenge,,"Go outside for 20 minutes with no screens. Everyone moves, and everyone laughs at least once.",,,,,,,4
74,2026-06-03,Logan,Brain Activation,5,Movement & Cross-Body - Cross Crawl,,Touch opposite hand to opposite knee while marching in place for 20 reps. Hum while doing it for an extra brain boost.,,,,,,,1
75,2026-06-03,Logan,Brain Activation,5,Movement & Cross-Body - Brain Buttons,,"Press below the collarbone with one hand while the other hand rests on the belly button. Hold 30 seconds, then switch.",,,,,,,1
76,2026-06-03,Logan,Brain Activation,5,Movement & Cross-Body - Hook-Ups / Energy Yawn,,"Cross ankles and wrists, clasp hands, pull toward chest, and breathe slowly for 1 minute.",,,,,,,1
77,2026-06-03,Logan,Brain Activation,5,Movement & Cross-Body - Figure 8 Eyes,,Trace a sideways figure 8 with your thumb while following only with your eyes. Do 5 reps each direction.,,,,,,,1
78,2026-06-03,Logan,Brain Activation,10,Movement & Cross-Body - Lazy 8 Drawing,,"Draw a large sideways 8, starting in the centre and going left first. Trace with dominant hand, non-dominant hand, then both hands.",,,,,,,2
79,2026-06-03,Logan,Brain Activation,10,Movement & Cross-Body - Juggling Practice,,"Practice juggling with one ball, then two. Focus on trying, tracking, and coordination rather than perfection.",,,,,,,2
80,2026-06-03,Logan,Brain Activation,5,Breathing & Calm - Box Breathing,,"Breathe in for 4, hold for 4, out for 4, hold for 4. Repeat 4 rounds.",,,,,,,1
81,2026-06-03,Logan,Brain Activation,5,Breathing & Calm - 4-7-8 Breathing,,"Breathe in for 4, hold for 7, and breathe out slowly for 8. Repeat calmly.",,,,,,,1
82,2026-06-03,Logan,Brain Activation,5,Breathing & Calm - Belly Breathing,,Put one hand on chest and one on belly. Take 5 slow breaths so only the belly hand moves.,,,,,,,1
83,2026-06-03,Logan,Brain Activation,5,Breathing & Calm - Flower and Candle,,"Pretend to smell a flower with a slow nose inhale, then blow out a candle with a long mouth exhale. Do 5 rounds.",,,,,,,1
84,2026-06-03,Logan,Brain Activation,5,Breathing & Calm - Star Breathing,,"Trace up and down each finger while breathing in and out, completing one calm hand-tracing cycle.",,,,,,,1
85,2026-06-03,Logan,Brain Activation,10,Music & Rhythm - Mood Playlist Challenge,,"Create or choose songs for three playlists: energy, focus, and calm. Pick one to shift the mood today.",,,,,,,2
86,2026-06-03,Logan,Brain Activation,5,Music & Rhythm - Body Percussion,,"Make a rhythm using claps, snaps, knee pats, and stomps. Copy someone else's pattern, then switch.",,,,,,,1
87,2026-06-03,Logan,Brain Activation,5,Music & Rhythm - Humming Meditation,,"Sit comfortably, inhale, then hum one steady note on the exhale. Repeat 5 times and notice the vibration.",,,,,,,1
88,2026-06-03,Logan,Brain Activation,5,Music & Rhythm - Sing What You Feel,,Pick a simple tune and sing a few lines about what you feel right now. Silly or serious both count.,,,,,,,1
89,2026-06-03,Logan,Brain Activation,5,Music & Rhythm - Rhythm Mirroring Game,,One person taps a rhythm while the other mirrors it exactly. Switch roles and gradually add complexity.,,,,,,,1
90,2026-06-03,Logan,Brain Activation,10,Creative Expression - Emotion Colour Map,,"Choose colours for feelings, then fill a page with colours and marks that show today's emotions.",,,,,,,2
91,2026-06-03,Logan,Brain Activation,5,Creative Expression - Morning Pages,,"Write three unedited lines about anything: dreams, worries, funny thoughts, or what is on your mind.",,,,,,,1
92,2026-06-03,Logan,Brain Activation,10,Creative Expression - Worry Jar Drawings,,"Draw worries on small papers, fold them, and place them in a jar to contain them outside your head.",,,,,,,2
93,2026-06-03,Logan,Brain Activation,5,Creative Expression - Gratitude Doodle,,Draw three things you are grateful for today. Simple sketches and stick figures are welcome.,,,,,,,1
94,2026-06-03,Logan,Brain Activation,15,Creative Expression - Collage Your Day,,Cut or tear pictures from old magazines or flyers and make a collage that shows how the day felt.,,,,,,,3
95,2026-06-03,Logan,Brain Activation,10,Logic & Problem Solving - Quick Challenges,,"Try quick brain teasers, patterns, categories, and word challenges from the workbook.",,,,,,,2
96,2026-06-03,Logan,Brain Activation,10,Logic & Problem Solving - Design Challenge,,"Using paper, tape, and 10 toothpicks or straws, build the tallest freestanding tower you can in 10 minutes.",,,,,,,2
97,2026-06-03,Logan,Brain Activation,10,Logic & Problem Solving - LEGO / Block Architecture,,"Build something that represents how you feel today, then describe it to someone.",,,,,,,2
98,2026-06-03,Logan,Brain Activation,5,Mindfulness & Grounding - 5-4-3-2-1 Method,,"Name 5 things you see, 4 you touch, 3 you hear, 2 you smell, and 1 you taste.",,,,,,,1
99,2026-06-03,Logan,Brain Activation,10,Mindfulness & Grounding - Body Scan,,"Starting at the feet and moving to the head, notice each body part without trying to change anything.",,,,,,,2
100,2026-06-03,Logan,Brain Activation,5,Mindfulness & Grounding - Safe Place Visualization,,"Imagine a real or made-up place where you feel safe. Notice colours, sounds, smells, and temperature.",,,,,,,1
101,2026-06-03,Logan,Brain Activation,10,Connection & Play - Two Truths and a Wish,,Each person shares two true things and one wish. Guess which one is the wish.,,,,,,,2
102,2026-06-03,Logan,Brain Activation,5,"Connection & Play - Rose, Bud, Thorn",,"Share a rose, a thorn, and a bud: something good, something hard, and something to look forward to.",,,,,,,1
103,2026-06-03,Logan,Brain Activation,10,Connection & Play - Compliment Circle,,Go around the table and have each person give one genuine compliment to everyone else.,,,,,,,2
104,2026-06-03,Logan,Brain Activation,10,Connection & Play - Question Jar,,Pull a question from a jar at a meal or quiet moment and let everyone answer.,,,,,,,2
105,2026-06-03,Logan,Brain Activation,20,Connection & Play - Outdoor Play Challenge,,"Go outside for 20 minutes with no screens. Everyone moves, and everyone laughs at least once.",,,,,,,4
106,2026-06-03,Oliver,Recovery,15,Alateen 01 - What this is for,,"Adult-guided. Read or explain: Alateen is for young people affected by someone else's drinking. Draw one hope for what Oliver wants to feel more of: calm, safety, honesty, or fun.",,,,2026-06-04,,FALSE,3
107,2026-06-03,Logan,Recovery,15,Alateen 01 - What this is for,,"Adult-guided. Read or explain: Alateen is for young people affected by someone else's drinking. Draw one hope for what Logan wants to feel more of: calm, safety, honesty, or fun.",,,,2026-06-04,,FALSE,3
108,2026-06-03,Oliver,Recovery,15,Alateen 02 - Feelings weather,,"Draw today's feelings as weather: sunny, cloudy, stormy, windy, mixed. Add one sentence: Feelings are messages, not trouble. Share only what feels okay.",,,,,,FALSE,3
109,2026-06-03,Logan,Recovery,15,Alateen 02 - Feelings weather,,"Draw today's feelings as weather: sunny, cloudy, stormy, windy, mixed. Add one sentence: Feelings are messages, not trouble. Share only what feels okay.",,,,,,FALSE,3
110,2026-06-03,Oliver,Recovery,15,Alateen 03 - The 3 Cs,,"Make a 3 Cs card: I did not cause it. I cannot control it. I cannot cure it. Add: I can choose one safe, kind thing for myself today.",,,,,,FALSE,3
111,2026-06-03,Logan,Recovery,15,Alateen 03 - The 3 Cs,,"Make a 3 Cs card: I did not cause it. I cannot control it. I cannot cure it. Add: I can choose one safe, kind thing for myself today.",,,,,,FALSE,3
112,2026-06-03,Oliver,Recovery,15,Alateen 04 - My safe people map,,Draw five safe people or places Oliver can go to when worried. Include at least one adult outside the home. Practice one sentence: I need help with a grown-up problem.,,,,,,FALSE,3
113,2026-06-03,Logan,Recovery,15,Alateen 04 - My safe people map,,Draw five safe people or places Logan can go to when worried. Include at least one adult outside the home. Practice one sentence: I need help with a grown-up problem.,,,,,,FALSE,3
114,2026-06-03,Oliver,Recovery,15,Alateen 05 - Calm body reset,,"Practice 4-4 breathing for two minutes, then name 5 things seen, 4 felt, 3 heard, 2 smelled, 1 tasted. Circle which part helped most.",,,,,,FALSE,3
115,2026-06-03,Logan,Recovery,15,Alateen 05 - Calm body reset,,"Practice 4-4 breathing for two minutes, then name 5 things seen, 4 felt, 3 heard, 2 smelled, 1 tasted. Circle which part helped most.",,,,,,FALSE,3
116,2026-06-03,Oliver,Recovery,15,Alateen 06 - One day at a time,,Fold paper into Today and Not Today. Put one thing Oliver can do today on the Today side. Put grown-up worries on Not Today and hand them to a trusted adult.,,,,,,FALSE,3
117,2026-06-03,Logan,Recovery,15,Alateen 06 - One day at a time,,Fold paper into Today and Not Today. Put one thing Logan can do today on the Today side. Put grown-up worries on Not Today and hand them to a trusted adult.,,,,,,FALSE,3
118,2026-06-03,Oliver,Recovery,15,Alateen 07 - HALT check,,"Check HALT: hungry, angry, lonely, tired. Pick one small fix: snack, movement, talk to safe person, rest. Notice how the feeling changes after five minutes.",,,,,,FALSE,3
119,2026-06-03,Logan,Recovery,15,Alateen 07 - HALT check,,"Check HALT: hungry, angry, lonely, tired. Pick one small fix: snack, movement, talk to safe person, rest. Notice how the feeling changes after five minutes.",,,,,,FALSE,3
120,2026-06-03,Oliver,Recovery,15,Alateen 08 - Boundaries bubble,,"Draw a bubble around Oliver. Inside: things I can choose. Outside: other people's moods, drinking, choices, and arguments. Pick one boundary sentence to practice.",,,,,,FALSE,3
121,2026-06-03,Logan,Recovery,15,Alateen 08 - Boundaries bubble,,"Draw a bubble around Logan. Inside: things I can choose. Outside: other people's moods, drinking, choices, and arguments. Pick one boundary sentence to practice.",,,,,,FALSE,3
122,2026-06-03,Oliver,Recovery,15,Alateen 09 - Detach with love,,Use two sticky notes: Care About and In Charge Of. Sort examples. Learn: Oliver can care about someone and still not be in charge of fixing them.,,,,,,FALSE,3
123,2026-06-03,Logan,Recovery,15,Alateen 09 - Detach with love,,Use two sticky notes: Care About and In Charge Of. Sort examples. Learn: Logan can care about someone and still not be in charge of fixing them.,,,,,,FALSE,3
124,2026-06-03,Oliver,Recovery,15,Alateen 10 - Secrets and safety,,"Sort cards into Surprise, Privacy, and Unsafe Secret. Practice: If a secret makes Oliver scared, sick, or unsafe, tell a trusted adult until someone helps.",,,,,,FALSE,3
125,2026-06-03,Logan,Recovery,15,Alateen 10 - Secrets and safety,,"Sort cards into Surprise, Privacy, and Unsafe Secret. Practice: If a secret makes Logan scared, sick, or unsafe, tell a trusted adult until someone helps.",,,,,,FALSE,3
126,2026-06-03,Oliver,Recovery,15,Alateen 11 - Ask for help script,,Practice three scripts with a safe adult: I feel __. I need __. Can you help me __? Keep it short and honest; passing is allowed if Oliver is not ready.,,,,,,FALSE,3
127,2026-06-03,Logan,Recovery,15,Alateen 11 - Ask for help script,,Practice three scripts with a safe adult: I feel __. I need __. Can you help me __? Keep it short and honest; passing is allowed if Logan is not ready.,,,,,,FALSE,3
128,2026-06-03,Oliver,Recovery,15,"Alateen 12 - Listen, share, pass",,"Do a mini meeting: one minute quiet, each person shares one feeling, one thing that helped, or says pass. Practice listening without fixing or interrupting.",,,,,,FALSE,3
129,2026-06-03,Logan,Recovery,15,"Alateen 12 - Listen, share, pass",,"Do a mini meeting: one minute quiet, each person shares one feeling, one thing that helped, or says pass. Practice listening without fixing or interrupting.",,,,,,FALSE,3
130,2026-06-03,Oliver,Recovery,15,Alateen 13 - Gratitude and good things,,"Write or draw three good things from today, even tiny ones. Add one person Oliver can thank or one kind thing Oliver can do without trying to fix anyone.",,,,,,FALSE,3
131,2026-06-03,Logan,Recovery,15,Alateen 13 - Gratitude and good things,,"Write or draw three good things from today, even tiny ones. Add one person Logan can thank or one kind thing Logan can do without trying to fix anyone.",,,,,,FALSE,3
132,2026-06-03,Oliver,Recovery,15,Alateen 14 - Courage words,,"Pick one slogan for the week: One Day at a Time, Keep It Simple, or First Things First. Decorate it and choose one place Oliver will see it daily.",,,,,,FALSE,3
133,2026-06-03,Logan,Recovery,15,Alateen 14 - Courage words,,"Pick one slogan for the week: One Day at a Time, Keep It Simple, or First Things First. Decorate it and choose one place Logan will see it daily.",,,,,,FALSE,3
134,2026-06-03,Oliver,Recovery,15,Alateen 15 - My toolbox,,"Make a personal toolbox list: 3 Cs, safe people, calm reset, HALT, ask-for-help script, and one fun activity. Put it somewhere Oliver can find it.",,,,,,FALSE,3
135,2026-06-03,Logan,Recovery,15,Alateen 15 - My toolbox,,"Make a personal toolbox list: 3 Cs, safe people, calm reset, HALT, ask-for-help script, and one fun activity. Put it somewhere Logan can find it.",,,,,,FALSE,3
136,2026-06-03,Oliver,Recovery,15,Alateen Resource 01 - Teen Corner,,Adult-guided reading. Open the official Al-Anon Teen Corner page: https://al-anon.org/newcomers/teen-corner-alateen/ Oliver chooses one helpful idea and draws or writes one sentence about it.,,,,,2026-06-04,FALSE,3
136,2026-06-03,Oliver,FLA,5,French 60-Second Talk,Parle pendant 60 secondes,"Describe something you learned this year. Use 3 connectors: first, next, finally.","Decris quelque chose que tu as appris cette annee. Utilise 3 connecteurs: premierement, ensuite, finalement.",,,,,FALSE,1
137,2026-06-03,Oliver,FLA,10,French Mini Summary,Mini resume en francais,"Read one page of a French book. Say who, where, what happens, and the important idea.","Lis une page d'un livre en francais. Dis qui, ou, ce qui se passe, et l'idee importante.",,,,,FALSE,2
138,2026-06-03,Oliver,FLA,5,Sentence Upgrade,Ameliore la phrase,"Start with a tiny French sentence and add where, how, and why details.","Commence avec une petite phrase en francais et ajoute des details: ou, comment, et pourquoi.",,,,,FALSE,1
139,2026-06-03,Oliver,FLA,5,Fiction or Non-Fiction?,Fiction ou non-fiction?,"Pick any text and identify its purpose, features, and clues.","Choisis un texte et trouve son but, ses caracteristiques, et les indices.",,,,,FALSE,1
140,2026-06-03,Oliver,FLA,5,Mystery Word,Mot mystere,Choose a French word from a book. Guess the meaning from context and use it in a new sentence.,Choisis un mot francais dans un livre. Devine le sens avec le contexte et utilise-le dans une nouvelle phrase.,,,,,FALSE,1
141,2026-06-03,Oliver,ELA,5,Read Like an Actor,Lis comme un acteur,"Read a paragraph twice: first normally, then with expression, pauses, and emphasis.","Lis un paragraphe deux fois: normalement, puis avec expression, pauses, et emphase.",,,,,FALSE,1
142,2026-06-03,Oliver,ELA,5,Two-Sentence Review,Critique en deux phrases,"After reading, write one sentence about what happened and one opinion sentence using because.","Apres la lecture, ecris une phrase sur ce qui s'est passe et une opinion avec because.",,,,,FALSE,1
143,2026-06-03,Oliver,ELA,5,Dialogue Fix-It,Repare le dialogue,Fix punctuation in a dialogue sentence and make it clearer.,Corrige la ponctuation d'une phrase de dialogue et rends-la plus claire.,,,,,FALSE,1
144,2026-06-03,Oliver,ELA,5,Spicy Sentence,Phrase plus detaillee,"Take a plain sentence and add 2 adjectives, 1 strong verb, and 1 detail.","Prends une phrase simple et ajoute 2 adjectifs, 1 verbe fort, et 1 detail.",,,,,FALSE,1
145,2026-06-03,Oliver,Math ,5,Fact Sprint,Course de faits mathematiques,"Answer as many multiplication or division facts as possible in 2 minutes, then build arrays for 3 tricky ones.","Reponds a autant de faits de multiplication ou division que possible en 2 minutes, puis fais des tableaux pour 3 difficiles.",,,,,FALSE,1
146,2026-06-03,Oliver,Math ,10,Receipt Math,Math de recus,Use fake prices under $10. Add two amounts and make change from $20.,Utilise de faux prix sous 10 $. Additionne deux montants et rends la monnaie de 20 $.,,,,,FALSE,2
147,2026-06-03,Oliver,Math ,5,Round the Room,Arrondis les nombres,Pick numbers around the room or from a book. Round each to the nearest 10 and 100.,Choisis des nombres autour de toi ou dans un livre. Arrondis chacun a la dizaine et a la centaine pres.,,,,,FALSE,1
148,2026-06-03,Oliver,Math ,5,Clock Challenge,Defi de l'horloge,"Read an analog clock, then say what time it will be in 25 minutes.","Lis une horloge analogique, puis dis l'heure dans 25 minutes.",,,,,FALSE,1
149,2026-06-03,Oliver,Math ,10,Area Builder,Constructeur d'aire,Use Lego or grid paper to build rectangles. Count square units and write the multiplication sentence.,Utilise des Lego ou du papier quadrille pour faire des rectangles. Compte les carres et ecris la multiplication.,,,,,FALSE,2
150,2026-06-03,Oliver,Math ,10,Snack Data Graph,Graphique des collations,"Ask 5 people their favourite snack, tally the answers, make a bar graph, and explain most and least popular.","Demande a 5 personnes leur collation preferee, fais un tableau, cree un graphique a barres, et explique le plus et le moins populaire.",,,,,FALSE,2
151,2026-06-03,Oliver,Science ,10,Water Cycle Sketch,Schema du cycle de l'eau,"Draw and label evaporation, condensation, precipitation, and collection.","Dessine et etiquette evaporation, condensation, precipitation, et accumulation.",,,,2026-06-04,FALSE,2
152,2026-06-03,Oliver,Science ,5,Force Hunt,Chasse aux forces,"Find 5 pushes or pulls around the house. Sort them into push, pull, or both.","Trouve 5 poussees ou tractions dans la maison. Classe-les: pousser, tirer, ou les deux.",,,,,FALSE,1
153,2026-06-03,Oliver,Science ,10,Simple Machine Spotting,Cherche les machines simples,"Find a lever, wheel and axle, inclined plane, wedge, screw, or pulley. Sketch one and explain how it helps.","Trouve un levier, une roue et un essieu, un plan incline, un coin, une vis, ou une poulie. Dessine-en un et explique comment il aide.",,,,,FALSE,2
154,2026-06-03,Oliver,Science ,5,Soil Detective,Detective du sol,Observe a spoonful of soil or dirt. Record 3 observations and 1 question.,Observe une cuilleree de sol ou de terre. Note 3 observations et 1 question.,,,,,FALSE,1
155,2026-06-03,Oliver,Science ,10,Toy Car Investigation,Experience avec voiture jouet,Test which surface makes a toy car roll farthest. Record results and say what made the test fair.,Teste quelle surface fait rouler une voiture jouet le plus loin. Note les resultats et explique ce qui rend le test juste.,,,,,FALSE,2
156,2026-06-03,Oliver,Science ,5,Magnet Test,Test d'aimants,Predict and test 10 objects. Sort them into magnetic and not magnetic.,Predis et teste 10 objets. Classe-les: magnetique ou non magnetique.,,,,,FALSE,1
196,2026-06-03,Oliver,Social Studies ,15,The Environment,,Identify 3 positive and 3 negative human impacts on Alberta's environment; propose a solution for each negative impact. 6 impacts plus 3 solutions French,,,,,,,3
197,2026-06-03,Oliver,ELA,15,The Environment,,"Write a poem from the point of view of a river, forest, or endangered animal using vivid imagery and figurative language. At least 12 lines English",,,,,,,3
198,2026-06-03,Oliver,FLA,15,Canadian History,,"Find and read a French article about Canadian history. Main idea, 3 details, 2 vocabulary words with definitions French",,,,,,,3
199,2026-06-03,Oliver,ELA,15,Canadian History,,Write a first-person narrative from the perspective of a child pioneer in early Canada. 8-10 sentences French,,,,,,,3
200,2026-06-03,Oliver,Math ,15,Canadian History,,"Calculate years since Confederation, years between Confederation and Calgary Stampede, and Terry Fox's age today. 3 historical math answers Either",,,,,,,3
201,2026-06-03,Oliver,Math ,15,Canadian History,,"Convert 3/4 to decimal and percent, 0.6 to fraction and percent, and 45% to decimal and fraction. Conversions with work shown Either",,,,,,,3
202,2026-06-03,Oliver,Science ,15,Canadian History,,"Choose a Canadian invention and explain the problem it solved, the science behind it, its impact, and the inventor. Short explanation Either",,,,,,,3
203,2026-06-03,Oliver,Social Studies ,15,Canadian History,,"Explain reconciliation in Canada, name the 3 main Indigenous groups, explain residential schools, and why this history matters. 6-8 sentences Either",,,,,,,3
204,2026-06-03,Oliver,ELA,15,Canadian History,,"Write a short story set in Canada in the 1800s with accurate historical details, a conflict, and a resolution. 1-2 paragraphs English",,,,,,,3
205,2026-06-03,Oliver,FLA,15,Real-World Math,,Create a graph about something in your life and interpret the data. Graph plus paragraph French,,,,,,,3
206,2026-06-03,Oliver,ELA,15,Real-World Math,,"Plan how to spend $150 during the summer using categories, amounts, and justifications. Budget table French",,,,,,,3
207,2026-06-03,Oliver,Math ,15,Real-World Math,,"Write 3 real-life ratios, simplify each, and explain what 1:3 means. 3 simplified ratios plus explanation Either",,,,,,,3
208,2026-06-03,Oliver,Math ,15,Real-World Math,,"Calculate simple interest on $200 at 3% for 1 year and 3 years, then total savings after 3 years. Interest calculations Either",,,,,,,3
209,2026-06-03,Oliver,Math ,15,Real-World Math,,"Flip a coin 20 times, predict heads, record results, compare prediction, and calculate experimental probability. Prediction, tally, probability Either",,,,,,,3
210,2026-06-03,Oliver,Science ,15,Real-World Math,,"Define circuit, conductor, insulator, series circuit, and parallel circuit; draw a simple series circuit. Definitions plus labeled diagram Either",,,,,,,3
211,2026-06-03,Oliver,Social Studies ,15,Real-World Math,,"Choose a product and trace its path from raw materials to your hands, including countries, jobs, and environmental cost. Product journey explanation Either",,,,,,,3
212,2026-06-03,Oliver,ELA,15,Real-World Math,,"Design an infographic about an interesting math concept. Clear visual with title, numbers, and representations Either",,,,,,,3
213,2026-06-03,Oliver,FLA,15,Body and Health,,"Conjugate aller and avoir in present, passe compose, and futur simple; write original sentences in each tense. Conjugation tables plus 2 sentences per tense French",,,,,,,3
214,2026-06-03,Oliver,FLA,15,Body and Health,,Explain the difference between imparfait and passe compose. Explanation plus 2 examples of each French,,,,,,,3
215,2026-06-03,Oliver,ELA,15,Body and Health,,"Write about your ideal healthy day from morning to night using passe compose. Narrative including meals, activities, and feelings French",,,,,,,3
216,2026-06-03,Oliver,Math ,15,Body and Health,,"Measure heart rate at rest, after light exercise, and after moderate exercise; create a table and line graph. Table, graph, conclusions Either",,,,,,,3
217,2026-06-03,Oliver,Math ,15,Body and Health,,"Convert 2.5 km to m, 1500 mL to L, 4.2 kg to g, and 350 cm to m; create a real-world word problem. Conversions plus word problem Either",,,,,,,3
218,2026-06-03,Oliver,Science ,15,Body and Health,,"Describe digestive, circulatory, respiratory, and skeletal systems and how they work together during exercise. Explanation with specific example Either",,,,,,,3
219,2026-06-03,Oliver,Social Studies ,15,Body and Health,,"Define mental health, resilience, stress, and coping strategies; list 5 healthy coping strategies and explain why each works. Definitions plus 5 strategies Either",,,,,,,3
220,2026-06-03,Oliver,ELA,15,Body and Health,,"Write a short magazine article for kids about one aspect of health. 10-12 sentences with headline, intro, 3 points, conclusion English",,,,,,,3
221,2026-06-03,Oliver,FLA,15,Technology and the Future,,"Use linking words in original sentences: premierement, deuxiemement, cependant, d'autre part, par consequent, en conclusion, malgre, en raison de. 8 original sentences French",,,,,,,3
222,2026-06-03,Oliver,FLA,15,Technology and the Future,,"Read or watch something about AI or technology. 3 facts, 2 opinions, 1 question French",,,,,,,3
223,2026-06-03,Oliver,ELA,15,Technology and the Future,,"Write an informational text explaining what AI is, how it works simply, and 2 ways it affects daily life. 8-10 sentences using linking words French",,,,,,,3
224,2026-06-03,Oliver,Math,15,Technology and the Future,,"If n = 5, solve 3n + 2, 4n - 7, n^2 + 1, and 2(n + 3); write a word problem with n as an unknown. 4 answers plus word problem Either",,,,,,,3
225,2026-06-03,Oliver,Math,15,Technology and the Future,,"Solve order-of-operations problems: (3 + 4) x 2 - 1, 5^2 - (3 x 4) + 2, and 12 / (2 + 1) x 4. 3 answers plus rule explanation Either",,,,,,,3
226,2026-06-03,Oliver,Science,15,Technology and the Future,,"Compare solar, wind, and hydroelectric energy and decide which Alberta should invest in most. Table: source, how it works, pros, cons, Alberta availability; recommendation Either",,,,,,,3
227,2026-06-03,Oliver,Social,15,Technology and the Future,,"Define globalization, give 3 daily-life examples, and list 2 advantages and 2 disadvantages. Definition, examples, pros, cons Either",,,,,,,3
228,2026-06-03,Oliver,ELA,15,Technology and the Future,,"Describe or draw your ideal city of 2075, considering housing, transportation, energy, food, recreation, and environment. 10 French sentences or labeled drawing French",,,,,,,3
229,2026-06-03,Oliver,FLA,15,Arts and Culture,,"Read a French short story or fable and analyze it. Theme, protagonist, conflict, opinion with 2 reasons French",,,,,,,3
230,2026-06-03,Oliver,ELA,15,Arts and Culture,,"Write a French short story with exposition, rising action, climax, resolution, and dialogue. At least 10 sentences French",,,,,,,3
231,2026-06-03,Oliver,Math,15,Arts and Culture,,"Calculate area and perimeter for a circle with radius 6 cm, a triangle with base 10 cm and height 7 cm, and a parallelogram with base 9 cm and height 5 cm. Formulas and calculations; note any missing side lengths for perimeter Either",,,,,,,3
232,2026-06-03,Oliver,Math,15,Arts and Culture,,"Draw a shape on a grid and show a translation, reflection, and 90-degree rotation. Labeled transformation drawing French labels",,,,,,,3
233,2026-06-03,Oliver,Science,15,Arts and Culture,,"Explain how the eye perceives colour using rods, cones, and wavelengths; explain why we see different colours and why some people are colour-blind. Explanation plus diagram Either",,,,,,,3
234,2026-06-03,Oliver,Social Studies,15,Arts and Culture,,"Name 5 Francophone communities or regions in Canada outside Quebec, describe their history, and explain why French culture matters in Canada. 6-8 sentences French",,,,,,,3
235,2026-06-03,Oliver,ELA,15,Arts and Culture,,"Find an artwork and analyze what you see, what it means, and what feelings it evokes using art vocabulary. English paragraph English",,,,,,,3
236,2026-06-03,Oliver,FLA,15,Global Issues,,"Identify the type and purpose of a newspaper article, recipe, letter, advertisement, poem, and scientific report; write examples of two types. Type/purpose list plus two 4-sentence French examples French",,,,,,,3
237,2026-06-03,Oliver,Social,15,Global Issues,,"Choose climate action, social media age limits, or universal basic income; write both sides, then state your position. 4 sentences per side plus personal position French",,,,,,,3
238,2026-06-03,Oliver,Math,15,Global Issues,,Use world population estimates to calculate Canada's share of the world population and the fraction of people without clean water. Percentage and fraction calculations Either,,,,,,,3
239,2026-06-03,Oliver,Math,15,Global Issues,,Use map scale 1 cm = 500 km to find the real distance for 3.5 cm; create your own scale and draw a simple map. Scale answer plus map Either,,,,,,,3
240,2026-06-03,Oliver,Science,15,Global Issues,,"Explain the greenhouse effect, list 5 human activities that increase greenhouse gases, 5 reduction actions, and what Canada can do. Explanation and lists Either",,,,,,,3
241,2026-06-03,Oliver,Social Studies,15,Global Issues,,"Choose a human rights issue and write about the issue, who is affected, and possible solutions. 3-paragraph essay French",,,,,,,3
242,2026-06-03,Oliver,ELA,15,Global Issues,,"Write a compelling opening paragraph for an essay about a global issue you care about. 5-7 sentences with hook, context, clear thesis English",,,,,,,3
243,2026-06-03,Oliver,FLA,15,My Summer Review,,"List 20 French words learned or used this summer. Word, English meaning, original sentence for each French + English meanings",,,,,,,3
244,2026-06-03,Oliver,FLA,15,My Summer Review,,"Write 3 sentences in imparfait, 3 in passe compose, 3 in futur simple, plus 2 challenge sentences using two tenses. 11 total sentences French",,,,,,,3
245,2026-06-03,Oliver,ELA,15,My Summer Review,,"Write a formal French letter to your Grade 6 teacher introducing yourself. Letter: who you are, summer activities, pride point, Grade 6 goal French",,,,,,,3
246,2026-06-03,Oliver,Math,15,My Summer Review,,Complete final multi-step problems: fruit purchase total/change and garden fencing/flower area. Calculations shown Either,,,,,,,3
247,2026-06-03,Oliver,Science,15,My Summer Review,,"Ask one question about the natural world, write a hypothesis, and plan an experiment or research using the scientific method. Scientific method format Either",,,,,,,3
248,2026-06-03,Oliver,Social Studies,15,My Summer Review,,"Describe 3 specific ways you plan to make a positive difference in school, community, or the world in Grade 6 and beyond. 3 realistic actions French",,,,,,,3
250,2026-06-03,Logan,FLA,8,Message minute,Minute message,"Explain your day, a book, or a science idea in French for 60 seconds. Then write 3 complete French sentences using: Je pense que..., Parce que..., Aussi... Grade 4 twist: add premierement, ensuite, finalement, or cependant.","Explique ta journee, un livre, ou une idee de science en francais pendant 60 secondes. Ecris 3 phrases completes avec: Je pense que..., Parce que..., Aussi... Defi 4e annee: ajoute premierement, ensuite, finalement, ou cependant.",,,,,FALSE,2
251,2026-06-03,Logan,FLA,10,Text detective,Detective du texte,"Read one short French paragraph. Find the main idea, 2 details, and 3 useful words. Sort the text as fiction or non-fiction. Grade 4 twist: identify the author's purpose.","Lis un court paragraphe en francais. Trouve l'idee principale, 2 details, et 3 mots utiles. Dis si le texte est fiction ou non-fiction. Defi 4e annee: trouve le but de l'auteur.",,,,,FALSE,2
252,2026-06-03,Logan,ELA,8,Fluency + retell,Lecture fluide + raconte,"Read aloud for 2 minutes in English. Retell beginning, middle, and end. Write one clear sentence with capitals and punctuation. Grade 4 twist: add one detail from the text as evidence.","Lis a voix haute en anglais pendant 2 minutes. Raconte le debut, le milieu, et la fin. Ecris une phrase claire avec majuscule et ponctuation. Defi 4e annee: ajoute une preuve du texte.",,,,,FALSE,2
253,2026-06-03,Logan,Math ,7,Fact ladder,Echelle de faits,"Pick one multiplication family, such as 6s. Say or write 6x1 to 6x10, then reverse as division: 42 / 6 = 7. Grade 4 twist: mix facts randomly and include one word problem.","Choisis une famille de multiplication, par exemple les 6. Dis ou ecris 6x1 a 6x10, puis inverse en division: 42 / 6 = 7. Defi 4e annee: melange les faits et ajoute un probleme.",,,,,FALSE,2
294,2026-06-03,Mom,Housework,15,Shine sink and clear counters,,"Kitchen zone. Clear dishes, wipe counters, shine the sink, and reset dish towels.",,,,2026-06-04,2026-06-04,TRUE,3
295,2026-06-04,Oliver,Housework,20,Fridge quick clean,,"Kitchen zone. Toss expired food, wipe one shelf, and list low supplies.",,,,,,FALSE,4
296,2026-06-05,Logan,Housework,20,Stove and microwave reset,,"Kitchen zone. Wipe stovetop, microwave inside/outside, and nearby splatters.",,,,,,FALSE,4
297,2026-06-06,Mom,Housework,15,Pantry sweep,,"Kitchen zone. Straighten one pantry shelf, toss empty packaging, and sweep the pantry edge.",,,,,,FALSE,3
298,2026-06-07,Oliver,Housework,20,Kitchen floor focus,,"Kitchen zone. Sweep well, spot-mop sticky areas, and clean under the table.",,,,,,FALSE,4
299,2026-06-08,Logan,Housework,15,Shine sink and clear counters,,"Kitchen zone. Clear dishes, wipe counters, shine the sink, and reset dish towels.",,,,,,FALSE,3
300,2026-06-09,Mom,Housework,20,Fridge quick clean,,"Kitchen zone. Toss expired food, wipe one shelf, and list low supplies.",,,,,,FALSE,4
301,2026-06-10,Oliver,Housework,15,Hot spot rescue,,"Living Areas zone. Clear living room piles, shoes, dishes, and stray items.",,,,,,FALSE,3
302,2026-06-11,Logan,Housework,20,Dust main surfaces,,"Living Areas zone. Dust TV stand, side tables, shelves, and window ledges.",,,,,,FALSE,4
303,2026-06-12,Mom,Housework,20,Vacuum traffic paths,,"Living Areas zone. Vacuum or sweep the living room, hallway, and entry paths.",,,,,,FALSE,4
304,2026-06-13,Oliver,Housework,15,Couch reset,,"Living Areas zone. Fluff cushions, fold blankets, collect crumbs, and return remotes/books.",,,,,,FALSE,3
305,2026-06-14,Logan,Housework,15,Entryway tidy,,"Living Areas zone. Line up shoes, hang coats, clear mail, and wipe the entry surface.",,,,,,FALSE,3
306,2026-06-15,Mom,Housework,15,Hot spot rescue,,"Living Areas zone. Clear living room piles, shoes, dishes, and stray items.",,,,,,FALSE,3
307,2026-06-16,Oliver,Housework,20,Dust main surfaces,,"Living Areas zone. Dust TV stand, side tables, shelves, and window ledges.",,,,,,FALSE,4
308,2026-06-17,Logan,Housework,15,Swish and swipe bathrooms,,"Bathrooms zone. Wipe sinks/counters, clean mirrors, swish toilets, and replace towels if needed.",,,,,,FALSE,3
309,2026-06-18,Mom,Housework,20,Tub and shower touch-up,,"Bathrooms zone. Spray and wipe tub/shower walls, fixtures, and shampoo clutter.",,,,,,FALSE,4
310,2026-06-19,Oliver,Housework,15,Bathroom floor and trash,,"Bathrooms zone. Empty trash, sweep floors, and spot-mop around toilets and sinks.",,,,,,FALSE,3
311,2026-06-20,Logan,Housework,10,Restock bathroom supplies,,"Bathrooms zone. Check toilet paper, soap, toothpaste, and first aid basics; restock what is low.",,,,,,FALSE,2
312,2026-06-21,Mom,Housework,20,Deep wipe bathroom zones,,"Bathrooms zone. Wipe baseboards, cabinet fronts, light switches, and door handles.",,,,,,FALSE,4
313,2026-06-22,Oliver,Housework,15,Swish and swipe bathrooms,,"Bathrooms zone. Wipe sinks/counters, clean mirrors, swish toilets, and replace towels if needed.",,,,,,FALSE,3
314,2026-06-23,Logan,Housework,20,Tub and shower touch-up,,"Bathrooms zone. Spray and wipe tub/shower walls, fixtures, and shampoo clutter.",,,,,,FALSE,4
315,2026-06-24,Mom,Housework,20,Bedroom floor reset,,"Bedrooms zone. Pick up laundry and items from the floor, then sweep or vacuum.",,,,,,FALSE,4
316,2026-06-25,Oliver,Housework,15,Bed and surface reset,,"Bedrooms zone. Make the bed, clear nightstand/dresser tops, and return items to homes.",,,,,,FALSE,3
317,2026-06-26,Logan,Housework,15,Laundry gather and sort,,Bedrooms zone. Collect dirty laundry from bedrooms and sort into loads.,,,,,,FALSE,3
318,2026-06-27,Mom,Housework,15,Closet 15-minute declutter,,Bedrooms zone. Choose one closet/drawer area and remove trash or outgrown items.,,,,,,FALSE,3
319,2026-06-28,Oliver,Housework,15,Dust bedroom surfaces,,"Bedrooms zone. Dust bedroom shelves, dressers, lamps, and window ledges.",,,,,,FALSE,3
320,2026-06-29,Logan,Housework,20,Bedroom floor reset,,"Bedrooms zone. Pick up laundry and items from the floor, then sweep or vacuum.",,,,,,FALSE,4
321,2026-06-30,Mom,Housework,15,Bed and surface reset,,"Bedrooms zone. Make the bed, clear nightstand/dresser tops, and return items to homes.",,,,,,FALSE,3
322,2026-07-01,Oliver,Housework,25,Laundry load start-to-finish,,"Laundry/Mudroom zone. Run one load, move it promptly, fold, and put away.",,,,,,FALSE,5
323,2026-07-02,Logan,Housework,15,Mudroom and shoes reset,,"Laundry/Mudroom zone. Clear floor items, pair shoes, shake mats, and wipe muddy spots.",,,,,,FALSE,3
324,2026-07-03,Mom,Housework,10,Laundry supplies check,,"Laundry/Mudroom zone. Check detergent, dryer sheets, stain spray, and lint area; note what is low.",,,,2026-06-04,2026-06-04,TRUE,2
325,2026-07-04,Oliver,Housework,20,Towel and linen refresh,,"Laundry/Mudroom zone. Collect used towels/linens, start a wash, and restock clean ones.",,,,,,FALSE,4
326,2026-07-05,Logan,Housework,10,Lint and machine wipe,,"Laundry/Mudroom zone. Clear lint, wipe washer/dryer tops, and sweep around machines.",,,,,,FALSE,2
327,2026-07-06,Mom,Housework,25,Laundry load start-to-finish,,"Laundry/Mudroom zone. Run one load, move it promptly, fold, and put away.",,,,2026-06-04,2026-06-04,TRUE,5
328,2026-07-07,Oliver,Housework,15,Mudroom and shoes reset,,"Laundry/Mudroom zone. Clear floor items, pair shoes, shake mats, and wipe muddy spots.",,,,,,FALSE,3
329,2026-07-08,Logan,Housework,15,Paper pile 15-minute rescue,,"Paper/Admin and Declutter zone. Sort visible papers into keep, recycle, action, and file piles.",,,,,,FALSE,3
330,2026-07-09,Mom,Housework,15,One drawer declutter,,"Paper/Admin and Declutter zone. Empty one small drawer, toss trash, and return only useful items.",,,,,,FALSE,3
331,2026-07-10,Oliver,Housework,20,Meal planning reset,,"Paper/Admin and Declutter zone. Check fridge/pantry, plan simple meals, and write the grocery list.",,,,,,FALSE,4
332,2026-07-11,Logan,Housework,15,Donation bag pass,,Paper/Admin and Declutter zone. Walk through the house and add unused items to a donation bag.,,,,,,FALSE,3
333,2026-07-12,Mom,Housework,15,Command center reset,,"Paper/Admin and Declutter zone. Update calendar, clear counters/mail, and place important papers where they belong.",,,,,,FALSE,3
334,2026-07-13,Oliver,Housework,15,Paper pile 15-minute rescue,,"Paper/Admin and Declutter zone. Sort visible papers into keep, recycle, action, and file piles.",,,,,,FALSE,3
335,2026-07-14,Logan,Housework,15,One drawer declutter,,"Paper/Admin and Declutter zone. Empty one small drawer, toss trash, and return only useful items.",,,,,,FALSE,3
336,2026-07-15,Mom,Housework,25,Weekly home blessing: floors,,Weekly Home Blessing zone. Vacuum or sweep the main rooms; focus on visible traffic areas.,,,,,,FALSE,5
337,2026-07-16,Oliver,Housework,20,Weekly home blessing: dust and glass,,Weekly Home Blessing zone. Dust key surfaces and wipe mirrors/glass in common areas.,,,,,,FALSE,4
338,2026-07-17,Logan,Housework,15,Weekly home blessing: trash sweep,,"Weekly Home Blessing zone. Empty small bins, gather recycling, and replace liners.",,,,,,FALSE,3
339,2026-07-18,Mom,Housework,25,Weekly home blessing: bedding,,Weekly Home Blessing zone. Strip or refresh beds and start linens if needed.,,,,,,FALSE,5
340,2026-07-19,Oliver,Housework,20,Weekly home blessing: pickup,,Weekly Home Blessing zone. Do a fast pickup in every room and return items to their homes.,,,,,,FALSE,4
341,2026-07-20,Logan,Housework,25,Weekly home blessing: floors,,Weekly Home Blessing zone. Vacuum or sweep the main rooms; focus on visible traffic areas.,,,,,,FALSE,5
342,2026-07-21,Mom,Housework,20,Weekly home blessing: dust and glass,,Weekly Home Blessing zone. Dust key surfaces and wipe mirrors/glass in common areas.,,,,,,FALSE,4
343,2026-07-22,Oliver,Housework,20,Stove and microwave reset,,"Kitchen zone. Wipe stovetop, microwave inside/outside, and nearby splatters.",,,,,,FALSE,4
344,2026-07-23,Logan,Housework,15,Pantry sweep,,"Kitchen zone. Straighten one pantry shelf, toss empty packaging, and sweep the pantry edge.",,,,,,FALSE,3
345,2026-07-24,Mom,Housework,20,Kitchen floor focus,,"Kitchen zone. Sweep well, spot-mop sticky areas, and clean under the table.",,,,,,FALSE,4
346,2026-07-25,Oliver,Housework,15,Shine sink and clear counters,,"Kitchen zone. Clear dishes, wipe counters, shine the sink, and reset dish towels.",,,,,,FALSE,3
347,2026-07-26,Logan,Housework,20,Fridge quick clean,,"Kitchen zone. Toss expired food, wipe one shelf, and list low supplies.",,,,,,FALSE,4
348,2026-07-27,Mom,Housework,20,Stove and microwave reset,,"Kitchen zone. Wipe stovetop, microwave inside/outside, and nearby splatters.",,,,,,FALSE,4
349,2026-07-28,Oliver,Housework,15,Pantry sweep,,"Kitchen zone. Straighten one pantry shelf, toss empty packaging, and sweep the pantry edge.",,,,,,FALSE,3
350,2026-07-29,Logan,Housework,20,Vacuum traffic paths,,"Living Areas zone. Vacuum or sweep the living room, hallway, and entry paths.",,,,,,FALSE,4
351,2026-07-30,Mom,Housework,15,Couch reset,,"Living Areas zone. Fluff cushions, fold blankets, collect crumbs, and return remotes/books.",,,,,,FALSE,3
352,2026-07-31,Oliver,Housework,15,Entryway tidy,,"Living Areas zone. Line up shoes, hang coats, clear mail, and wipe the entry surface.",,,,,,FALSE,3
353,2026-08-01,Logan,Housework,15,Hot spot rescue,,"Living Areas zone. Clear living room piles, shoes, dishes, and stray items.",,,,,,FALSE,3
354,2026-08-02,Mom,Housework,20,Dust main surfaces,,"Living Areas zone. Dust TV stand, side tables, shelves, and window ledges.",,,,,,FALSE,4
355,2026-08-03,Oliver,Housework,20,Vacuum traffic paths,,"Living Areas zone. Vacuum or sweep the living room, hallway, and entry paths.",,,,,,FALSE,4
356,2026-08-04,Logan,Housework,15,Couch reset,,"Living Areas zone. Fluff cushions, fold blankets, collect crumbs, and return remotes/books.",,,,,,FALSE,3
357,2026-08-05,Mom,Housework,15,Bathroom floor and trash,,"Bathrooms zone. Empty trash, sweep floors, and spot-mop around toilets and sinks.",,,,,,FALSE,3
358,2026-08-06,Oliver,Housework,10,Restock bathroom supplies,,"Bathrooms zone. Check toilet paper, soap, toothpaste, and first aid basics; restock what is low.",,,,,,FALSE,2
359,2026-08-07,Logan,Housework,20,Deep wipe bathroom zones,,"Bathrooms zone. Wipe baseboards, cabinet fronts, light switches, and door handles.",,,,,,FALSE,4
360,2026-08-08,Mom,Housework,15,Swish and swipe bathrooms,,"Bathrooms zone. Wipe sinks/counters, clean mirrors, swish toilets, and replace towels if needed.",,,,,,FALSE,3
361,2026-08-09,Oliver,Housework,20,Tub and shower touch-up,,"Bathrooms zone. Spray and wipe tub/shower walls, fixtures, and shampoo clutter.",,,,,,FALSE,4
362,2026-08-10,Logan,Housework,15,Bathroom floor and trash,,"Bathrooms zone. Empty trash, sweep floors, and spot-mop around toilets and sinks.",,,,,,FALSE,3
363,2026-08-11,Mom,Housework,10,Restock bathroom supplies,,"Bathrooms zone. Check toilet paper, soap, toothpaste, and first aid basics; restock what is low.",,,,,,FALSE,2
364,2026-08-12,Oliver,Housework,15,Laundry gather and sort,,Bedrooms zone. Collect dirty laundry from bedrooms and sort into loads.,,,,,,FALSE,3
365,2026-08-13,Logan,Housework,15,Closet 15-minute declutter,,Bedrooms zone. Choose one closet/drawer area and remove trash or outgrown items.,,,,,,FALSE,3
366,2026-08-14,Mom,Housework,15,Dust bedroom surfaces,,"Bedrooms zone. Dust bedroom shelves, dressers, lamps, and window ledges.",,,,,,FALSE,3
367,2026-08-15,Oliver,Housework,20,Bedroom floor reset,,"Bedrooms zone. Pick up laundry and items from the floor, then sweep or vacuum.",,,,,,FALSE,4
368,2026-08-16,Logan,Housework,15,Bed and surface reset,,"Bedrooms zone. Make the bed, clear nightstand/dresser tops, and return items to homes.",,,,,,FALSE,3
369,2026-08-17,Mom,Housework,15,Laundry gather and sort,,Bedrooms zone. Collect dirty laundry from bedrooms and sort into loads.,,,,,,FALSE,3
370,2026-08-18,Oliver,Housework,15,Closet 15-minute declutter,,Bedrooms zone. Choose one closet/drawer area and remove trash or outgrown items.,,,,,,FALSE,3
371,2026-08-19,Logan,Housework,10,Laundry supplies check,,"Laundry/Mudroom zone. Check detergent, dryer sheets, stain spray, and lint area; note what is low.",,,,,,FALSE,2
372,2026-08-20,Mom,Housework,20,Towel and linen refresh,,"Laundry/Mudroom zone. Collect used towels/linens, start a wash, and restock clean ones.",,,,,,FALSE,4
373,2026-08-21,Oliver,Housework,10,Lint and machine wipe,,"Laundry/Mudroom zone. Clear lint, wipe washer/dryer tops, and sweep around machines.",,,,,,FALSE,2
374,2026-08-22,Logan,Housework,25,Laundry load start-to-finish,,"Laundry/Mudroom zone. Run one load, move it promptly, fold, and put away.",,,,,,FALSE,5
375,2026-08-23,Mom,Housework,15,Mudroom and shoes reset,,"Laundry/Mudroom zone. Clear floor items, pair shoes, shake mats, and wipe muddy spots.",,,,,,FALSE,3
376,2026-08-24,Oliver,Housework,10,Laundry supplies check,,"Laundry/Mudroom zone. Check detergent, dryer sheets, stain spray, and lint area; note what is low.",,,,,,FALSE,2
377,2026-08-25,Logan,Housework,20,Towel and linen refresh,,"Laundry/Mudroom zone. Collect used towels/linens, start a wash, and restock clean ones.",,,,,,FALSE,4
378,2026-08-26,Mom,Housework,20,Meal planning reset,,"Paper/Admin and Declutter zone. Check fridge/pantry, plan simple meals, and write the grocery list.",,,,,,FALSE,4
379,2026-08-27,Oliver,Housework,15,Donation bag pass,,Paper/Admin and Declutter zone. Walk through the house and add unused items to a donation bag.,,,,,,FALSE,3
380,2026-08-28,Logan,Housework,15,Command center reset,,"Paper/Admin and Declutter zone. Update calendar, clear counters/mail, and place important papers where they belong.",,,,,,FALSE,3
381,2026-08-29,Mom,Housework,15,Paper pile 15-minute rescue,,"Paper/Admin and Declutter zone. Sort visible papers into keep, recycle, action, and file piles.",,,,,,FALSE,3
382,2026-08-30,Oliver,Housework,15,One drawer declutter,,"Paper/Admin and Declutter zone. Empty one small drawer, toss trash, and return only useful items.",,,,,,FALSE,3
383,2026-08-31,Logan,Housework,20,Meal planning reset,,"Paper/Admin and Declutter zone. Check fridge/pantry, plan simple meals, and write the grocery list.",,,,,,FALSE,4
384,2026-09-01,Mom,Housework,15,Donation bag pass,,Paper/Admin and Declutter zone. Walk through the house and add unused items to a donation bag.,,,,,,FALSE,3
385,2026-06-03,Logan,Math ,10,"1,000 challenge",Defi 1 000,"Make two 3-digit numbers with cards or dice. Estimate, then add and subtract using the standard algorithm. Grade 4 twist: use numbers up to 10,000 or simple money/decimal amounts.","Cree deux nombres a 3 chiffres avec des cartes ou des des. Estime, puis additionne et soustrais avec l'algorithme standard. Defi 4e annee: utilise des nombres jusqu'a 10 000 ou de petits montants d'argent.",,,,,FALSE,2
386,2026-06-03,Logan,Math ,10,Shape hunt,Chasse aux formes,"Find 5 objects. Identify parallel, perpendicular, equal sides, and right angles. Measure length in cm or m. Grade 4 twist: classify triangles/quadrilaterals and find the area of a rectangle.","Trouve 5 objets. Identifie les cotes paralleles, perpendiculaires, egaux, et les angles droits. Mesure en cm ou m. Defi 4e annee: classe des triangles/quadrilateres et trouve l'aire d'un rectangle.",,,,,FALSE,2
387,2026-06-03,Logan,Math ,10,Today's data,Donnees du jour,"Track something for 5 minutes: steps, Lego colours, reading pages, weather, or snacks. Make a tally or bar graph. Grade 4 twist: answer most, least, difference, and what the graph shows.","Observe quelque chose pendant 5 minutes: pas, couleurs de Lego, pages lues, meteo, ou collations. Fais un tableau ou graphique a barres. Defi 4e annee: explique le plus, le moins, la difference, et ce que montre le graphique.",,,,,FALSE,2
388,2026-06-03,Logan,Science ,10,Mini investigation,Mini experience,"Test how force changes movement: push a toy car on carpet, tile, paper, and towel. Predict, test, compare. Grade 4 twist: explain how gravity or magnetism could change the movement.","Teste comment une force change le mouvement: pousse une voiture jouet sur tapis, tuile, papier, et serviette. Predis, teste, compare. Defi 4e annee: explique comment la gravite ou le magnetisme pourrait changer le mouvement.",,,,,FALSE,2
389,2026-06-03,Logan,Science ,10,Water / Earth review,Revision eau / Terre,"Draw the water cycle or layers of Earth's surface. Add 4 labels and explain it aloud in French or English. Grade 4 twist: name one human choice that protects land, air, water, or organisms.","Dessine le cycle de l'eau ou les couches de la surface de la Terre. Ajoute 4 etiquettes et explique a voix haute en francais ou anglais. Defi 4e annee: nomme un choix humain qui protege la terre, l'air, l'eau, ou les organismes.",,,,,FALSE,2
390,2026-06-03,Logan,Social Studies ,10,Alberta postcard,Carte postale de l'Alberta,"Draw Alberta. Add Rockies, prairies, one city, one natural resource, one official symbol, and one First Nations, Metis, or francophone contribution. Grade 4 twist: connect Alberta to early Canada, New France, or Confederation.","Dessine l'Alberta. Ajoute les Rocheuses, les prairies, une ville, une ressource naturelle, un symbole officiel, et une contribution des Premieres Nations, des Metis, ou des francophones. Defi 4e annee: fais un lien avec le Canada ancien, la Nouvelle-France, ou la Confederation.",,,,,FALSE,2
391,2026-06-03,Logan,Wellness,8,Fitness menu,Menu de forme physique,"Do 30 seconds each: jumping jacks, balance, throw/catch, plank, stretch. Rate effort from 1-5. Grade 4 twist: name which activity builds strength, endurance, flexibility, or coordination.","Fais 30 secondes de chaque: jumping jacks, equilibre, lancer/attraper, planche, etirement. Note l'effort de 1 a 5. Defi 4e annee: nomme quelle activite developpe la force, l'endurance, la flexibilite, ou la coordination.",,,,,FALSE,2
392,2026-06-03,Logan,Wellness,8,Scenario snap,Scenario rapide,"Discuss one scenario: bullying, sharing equipment, spending allowance, or asking permission. Say the safe and fair choice. Grade 4 twist: explain what factors matter before deciding.","Discute un scenario: intimidation, partager l'equipement, depenser l'argent de poche, ou demander la permission. Dis le choix securitaire et juste. Defi 4e annee: explique les facteurs importants avant de decider.",,,,,FALSE,2
393,2026-06-03,Logan,Art ,10,Make it more real,Rends-le plus realiste,"Sketch one object for 5 minutes. Improve it by adding shadow, texture, proportion, or detail. Grade 4 twist: use colour or line to show a feeling or idea.","Dessine un objet pendant 5 minutes. Ameliore-le avec ombre, texture, proportion, ou details. Defi 4e annee: utilise la couleur ou la ligne pour montrer une emotion ou une idee.",,,,,FALSE,2
394,2026-06-03,Logan,Music ,8,Beat and mood,Rythme et humeur,"Clap a 4-beat pattern, then change speed/dynamics: loud/soft, fast/slow, happy/sad. Identify instrument families in a song. Grade 4 twist: build a tiny harmony with voice, a piano app, or two notes.","Tape un motif de 4 temps, puis change la vitesse ou les nuances: fort/doux, vite/lent, joyeux/triste. Identifie les familles d'instruments dans une chanson. Defi 4e annee: cree une petite harmonie avec la voix, une application piano, ou deux notes.",,,,,FALSE,2
395,2026-06-03,Logan,School  Plan,25,Weekly Rotation - Monday,Rotation hebdo - lundi,Do French + math facts + PE. Keep it light: 2-3 tasks total.,Fais francais + faits mathematiques + education physique. Garde ca leger: 2 ou 3 taches au total.,,,,,FALSE,5
396,2026-06-03,Logan,School  Plan,25,Weekly Rotation - Tuesday,Rotation hebdo - mardi,Do English + science + art. Use any one task from each subject.,Fais anglais + sciences + art. Choisis une tache de chaque matiere.,,,,,FALSE,5
397,2026-06-03,Logan,School  Plan,25,Weekly Rotation - Wednesday,Rotation hebdo - mercredi,Do French reading + math operations + music. Repeat harder tasks in small doses.,Fais lecture en francais + operations mathematiques + musique. Repete les taches difficiles en petites doses.,,,,,FALSE,5
398,2026-06-03,Logan,School  Plan,25,Weekly Rotation - Thursday,Rotation hebdo - jeudi,Do social studies + measurement/data + wellness. Give one explanation aloud.,Fais etudes sociales + mesure/donnees + bienetre. Donne une explication a voix haute.,,,,,FALSE,5
399,2026-06-03,Logan,School  Plan,20,Weekly Rotation - Friday,Rotation hebdo - vendredi,"Logan's choice: redo the hardest task, then the most fun one. End with a win.","Choix de Logan: refais la tache la plus difficile, puis la plus amusante. Termine avec une reussite.",,,,,FALSE,4
400,2026-06-03,Mom,Recovery,5,Morning Serenity Check,,"Al-Anon detachment; Family & Friends self-management; RCA showing up calmly. What is mine to handle today, and what belongs to someone else? Write one sentence for each.",,,,,,FALSE,1
401,2026-06-03,Mom,Recovery,10,Three-Column Boundary Note,,Al-Anon boundaries; Family & Friends coping plan; RCA relationship safety. Fill columns: I can do / I cannot do / I will do if needed.,,,,,,FALSE,2
402,2026-06-03,Mom,Recovery,10,"One Kind, Clear Request",,"RCA communication; Family & Friends positive communication; Al-Anon own-your-part. Practice: I feel ___ when ___. I would like ___. Name behavior, not character.",,,,,,FALSE,2
403,2026-06-03,Mom,Recovery,5,Relationship Weather Report,,"RCA coupleship awareness; Al-Anon inventory; Family & Friends emotional regulation. Rate serenity, honesty, resentment, willingness, and connection from 1-5 without fixing immediately.",,,,,,FALSE,1
404,2026-06-03,Mom,Recovery,5,Pause Before Helping,,"Al-Anon detachment; Family & Friends CRAFT; RCA loving boundaries. Before advising or rescuing, ask: Is this help, control, fear, or love? Choose one small action or no action.",,,,,,FALSE,1
405,2026-06-03,Mom,Recovery,15,Coupleship Inventory Bite,,RCA relationship inventory; Al-Anon personal inventory; Family & Friends self-awareness. Finish: protected myself / protected the relationship / avoided saying honestly.,,,,,,FALSE,3
406,2026-06-03,Mom,Recovery,5,CRAFT-Style Positive Reinforcement,,"Family & Friends reinforcement; RCA appreciation; Al-Anon focus on healthy behavior. Notice one healthy behavior and offer one brief, sincere appreciation for that specific behavior.",,,,,,FALSE,1
407,2026-06-03,Mom,Recovery,10,Resentment To Need,,Al-Anon resentment work; Family & Friends values; RCA honest sharing. Translate one resentment: I resent ___ because I need or value ___.,,,,,,FALSE,2
408,2026-06-03,Mom,Recovery,5,Mini Detachment Practice,,Al-Anon letting go; Family & Friends distress tolerance; RCA reducing pressure. Write: I release my claim on ___ for the next 24 hours.,,,,,,FALSE,1
409,2026-06-03,Mom,Recovery,10,Repair Without Over-Owning,,RCA repair; Al-Anon own-your-side; Family & Friends clear communication. Write: I am sorry for my part in ___. Next time I will ___.,,,,,,FALSE,2
410,2026-06-03,Mom,Recovery,10,Meeting Reflection,,"All three programs; daily carry-forward. After a meeting, write one phrase to carry today and one action before bed.",,,,,,FALSE,2
411,2026-06-03,Mom,Recovery,5,Values-Based Choice,,"Family & Friends values; Al-Anon serenity; RCA loving conduct. Ask what serenity, dignity, and love look like in the next 10 minutes; choose one behavior.",,,,,,FALSE,1
412,2026-06-03,Mom,Recovery,10,Couple Recovery Question,,"RCA shared recovery; Family & Friends collaboration; Al-Anon realistic expectations. If safe, ask: What is one small thing we can do today that supports recovery for both of us?",,,,,,FALSE,2
413,2026-06-03,Mom,Recovery,5,Support Contact,,Al-Anon fellowship; RCA sponsor-couple idea; Family & Friends support network. Send one short text or make one brief support call telling the truth simply.,,,,,,FALSE,1
414,2026-06-03,Mom,Recovery,10,Evening Release,,Al-Anon turning over; RCA daily repair; Family & Friends coping and reset. Write three lines: showed up by / turning over / tomorrow I can begin again by.,,,,,,FALSE,2
415,2026-06-03,Logan,Recovery,15,Alateen Resource 01 - Teen Corner,,Adult-guided reading. Open the official Al-Anon Teen Corner page: https://al-anon.org/newcomers/teen-corner-alateen/ Logan chooses one helpful idea and draws or writes one sentence about it.,,,,,,FALSE,3
416,2026-06-03,Oliver,Recovery,15,Alateen Resource 02 - 20 questions,,"Adult-guided short reading. Read questions 1-5 from the Alateen S-20 flyer, then circle any feelings Oliver wants to talk about: https://al-anon.org/pdf/S20.pdf Passing is okay.",,,,,,FALSE,3
417,2026-06-03,Logan,Recovery,15,Alateen Resource 02 - 20 questions,,"Adult-guided short reading. Read questions 1-5 from the Alateen S-20 flyer, then circle any feelings Logan wants to talk about: https://al-anon.org/pdf/S20.pdf Passing is okay.",,,,,,FALSE,3
418,2026-06-03,Oliver,Recovery,15,Alateen Resource 03 - Facts About Alateen,,Adult-guided reference task. Look up Facts About Alateen (P-41): https://ecomm.al-anon.org/ItemDetail?WebsiteKey=db6e68f1-b2fe-4aaa-baea-928d4e696dcc&iProductCode=P41 Oliver writes or draws one thing Alateen is for.,,,,,,FALSE,3
419,2026-06-03,Logan,Recovery,15,Alateen Resource 03 - Facts About Alateen,,Adult-guided reference task. Look up Facts About Alateen (P-41): https://ecomm.al-anon.org/ItemDetail?WebsiteKey=db6e68f1-b2fe-4aaa-baea-928d4e696dcc&iProductCode=P41 Logan writes or draws one thing Alateen is for.,,,,,,FALSE,3
420,2026-06-03,Oliver,Recovery,15,Alateen Resource 04 - Newcomer packet,,Adult-guided reference task. Look at the Alateen Newcomer Packet listing and included leaflets: https://ecomm.al-anon.org/Search?SearchTerms=welcome+newcomer Oliver picks one leaflet title that sounds useful.,,,,,,FALSE,3
421,2026-06-03,Logan,Recovery,15,Alateen Resource 04 - Newcomer packet,,Adult-guided reference task. Look at the Alateen Newcomer Packet listing and included leaflets: https://ecomm.al-anon.org/Search?SearchTerms=welcome+newcomer Logan picks one leaflet title that sounds useful.,,,,,,FALSE,3
422,2026-06-03,Oliver,Recovery,15,Alateen Resource 05 - Hope for Children,,"If available, read one short page from Alateen - Hope for Children of Alcoholics with an adult. Reference: https://ecomm.al-anon.org/ItemDetail?Category=BOOKS&WebsiteKey=4e370926-5203-440b-ac78-1c3f85b96a9f&iProductCode=B3 Oliver names one sentence or picture that felt helpful.",,,,,,FALSE,3
423,2026-06-03,Logan,Recovery,15,Alateen Resource 05 - Hope for Children,,"If available, read one short page from Alateen - Hope for Children of Alcoholics with an adult. Reference: https://ecomm.al-anon.org/ItemDetail?Category=BOOKS&WebsiteKey=4e370926-5203-440b-ac78-1c3f85b96a9f&iProductCode=B3 Logan names one sentence or picture that felt helpful.",,,,,,FALSE,3
424,2026-06-03,Oliver,Recovery,15,Alateen Resource 06 - Daily reader,,"If available, read one day from Living Today in Alateen with an adult. Reference: https://ecomm.al-anon.org/iCommerce/Store/StoreLayouts/Category_BP_Results.aspx?InitialText=Daily+Reader Oliver draws one calm idea from the reading.",,,,,,FALSE,3
425,2026-06-03,Logan,Recovery,15,Alateen Resource 06 - Daily reader,,"If available, read one day from Living Today in Alateen with an adult. Reference: https://ecomm.al-anon.org/iCommerce/Store/StoreLayouts/Category_BP_Results.aspx?InitialText=Daily+Reader Logan draws one calm idea from the reading.",,,,,,FALSE,3
426,2026-06-03,Oliver,Recovery,15,Alateen Resource 07 - Family recovery video,,"Adult-supervised video option if available: watch a teen-appropriate segment from Al-Anon and Alateen's Role in Family Recovery (AV-31DVD), then Oliver shares one thing that sounded familiar or helpful. Reference: https://ecomm.al-anon.org/ItemDetail?Category=AV%2FAUDIO&WebsiteKey=4e370926-5203-440b-ac78-1c3f85b96a9f&iProductCode=AV31DVD",,,,,,FALSE,3
427,2026-06-03,Logan,Recovery,15,Alateen Resource 07 - Family recovery video,,"Adult-supervised video option if available: watch a teen-appropriate segment from Al-Anon and Alateen's Role in Family Recovery (AV-31DVD), then Logan shares one thing that sounded familiar or helpful. Reference: https://ecomm.al-anon.org/ItemDetail?Category=AV%2FAUDIO&WebsiteKey=4e370926-5203-440b-ac78-1c3f85b96a9f&iProductCode=AV31DVD",,,,,,FALSE,3
428,2026-06-03,Oliver,Recovery,15,Alateen Resource 08 - Meeting options,,"Adult-guided planning task. Visit Teen Corner/electronic meeting info and identify one safe next support option, without joining unless an adult decides it is appropriate: https://al-anon.org/newcomers/teen-corner-alateen/ Oliver writes one question to ask before trying a meeting.",,,,,,FALSE,3
429,2026-06-03,Logan,Recovery,15,Alateen Resource 08 - Meeting options,,"Adult-guided planning task. Visit Teen Corner/electronic meeting info and identify one safe next support option, without joining unless an adult decides it is appropriate: https://al-anon.org/newcomers/teen-corner-alateen/ Logan writes one question to ask before trying a meeting.",,,,,,FALSE,3
430,2026-06-03,Oliver,Wellbeing,30,Start Here: What You Might Be Feeling Right Now,,Check in on feelings before beginning the workbook with a trusted adult.,,,,,,FALSE,6
431,2026-06-03,Oliver,Wellbeing,30,Session 1: What Is Addiction?,,Read what addiction is and complete the true/false activity.,,,,,,FALSE,6
432,2026-06-03,Oliver,Wellbeing,30,Session 2: The Three Cs,,"Review the Three Cs: you did not cause it, cannot control it, and cannot cure it.",,,,,,FALSE,6
433,2026-06-03,Oliver,Wellbeing,30,Session 3: How It Affects You,,"Notice how addiction affects feelings, body, and daily life; complete the feelings map.",,,,,,FALSE,6
434,2026-06-03,Oliver,Wellbeing,30,Session 4: Keeping Yourself Safe,,Build a safety plan and coping toolkit for scary or overwhelming moments.,,,,,,FALSE,6
435,2026-06-03,Oliver,Wellbeing,30,Session 5: Talking About It,,"Practice words for talking with a safe, trusted adult about hard things.",,,,,,FALSE,6
436,2026-06-03,Oliver,Wellbeing,30,Session 6: Your Future Belongs to You,,"Reflect on identity, strengths, hope, and a letter to your future self.",,,,,,FALSE,6
437,2026-06-03,Oliver,Wellbeing,30,Full Resource Guide,,"Review support websites, videos, books, and crisis resources with a trusted adult.",,,,,,FALSE,6
438,2026-06-03,Logan,Wellbeing,30,Start Here: What You Might Be Feeling Right Now,,Check in on feelings before beginning the workbook with a trusted adult.,,,,,,FALSE,6
439,2026-06-03,Logan,Wellbeing,30,Session 1: What Is Addiction?,,Read what addiction is and complete the true/false activity.,,,,,,FALSE,6
440,2026-06-03,Logan,Wellbeing,30,Session 2: The Three Cs,,"Review the Three Cs: you did not cause it, cannot control it, and cannot cure it.",,,,,,FALSE,6
441,2026-06-03,Logan,Wellbeing,30,Session 3: How It Affects You,,"Notice how addiction affects feelings, body, and daily life; complete the feelings map.",,,,,,FALSE,6
442,2026-06-03,Logan,Wellbeing,30,Session 4: Keeping Yourself Safe,,Build a safety plan and coping toolkit for scary or overwhelming moments.,,,,,,FALSE,6
443,2026-06-03,Logan,Wellbeing,30,Session 5: Talking About It,,"Practice words for talking with a safe, trusted adult about hard things.",,,,,,FALSE,6
444,2026-06-03,Logan,Wellbeing,30,Session 6: Your Future Belongs to You,,"Reflect on identity, strengths, hope, and a letter to your future self.",,,,,,FALSE,6
445,2026-06-03,Logan,Wellbeing,30,Full Resource Guide,,"Review support websites, videos, books, and crisis resources with a trusted adult.",,,,,,FALSE,6
446,2026-06-03,Mom,Sacred Text Study,15,"One Story, Many Voices 01 - Decide format",,"Choose the final format: booklet, study guide, class handout, video series, discussion group, or website. Pick the intended audience.",,,,,,FALSE,3
447,2026-06-03,Mom,Sacred Text Study,15,"One Story, Many Voices 02 - Create outline",,"Build the main outline covering scripture/canon, Genesis, Moses, Jesus/Isa, why traditions differ, and next sources.",,,,,,FALSE,3
448,2026-06-03,Mom,Sacred Text Study,15,"One Story, Many Voices 03 - Break into sessions",,"Turn the concept into 8-10 study sessions from canon through creation, Abraham/Ibrahim, Moses/Musa, Mary/Maryam, Jesus/Isa, and tradition differences.",,,,,,FALSE,3
449,2026-06-03,Mom,Sacred Text Study,15,"One Story, Many Voices 04 - Story comparison charts",,"Make a comparison chart for each major story with columns for Ethiopian Orthodox, Roman Catholic, Baptist/Protestant, and Islam.",,,,,,FALSE,3
450,2026-06-03,Mom,Sacred Text Study,15,"One Story, Many Voices 05 - Primary readings",,"Choose short primary-source readings from Genesis, Exodus, Gospel passages, Quran passages, 1 Enoch, and Jubilees.",,,,,,FALSE,3
451,2026-06-03,Mom,Sacred Text Study,15,"One Story, Many Voices 06 - Check claims and sources",,"Verify dates, canon counts, council references, translation claims, and citations. Separate faith teaching from scholarly interpretation.",,,,,,FALSE,3
452,2026-06-03,Mom,Sacred Text Study,15,"One Story, Many Voices 07 - Simplify language",,"Rewrite dense scholarly paragraphs into clear discussion-friendly explanations and define key terms like canon, Septuagint, Masoretic Text, Hadith, Tafsir, and Miaphysite.",,,,,,FALSE,3
453,2026-06-03,Mom,Sacred Text Study,15,"One Story, Many Voices 08 - Discussion questions",,"Add questions for each section: emphasis, surprise, source used, meaning change, and respectful comparison.",,,,,,FALSE,3
454,2026-06-03,Mom,Sacred Text Study,15,"One Story, Many Voices 09 - Create handouts",,"Create handouts: canon comparison, timeline, glossary, and one chart per major story.",,,,,,FALSE,3
455,2026-06-03,Mom,Sacred Text Study,15,"One Story, Many Voices 10 - Tone rules",,"Decide tone rules: scholarly, respectful, no tradition mocked or corrected, differences presented as meaningful.",,,,,,FALSE,3
456,2026-06-03,Mom,Sacred Text Study,15,"One Story, Many Voices 11 - Introduction",,"Prepare a short introduction explaining that the goal is understanding, not debate, and each tradition should be read on its own terms.",,,,,,FALSE,3
457,2026-06-03,Mom,Sacred Text Study,15,"One Story, Many Voices 12 - Final packet",,"Assemble outline, charts, readings, glossary, and discussion questions into one clean study packet with title page, table of contents, and recommended next readings.",,,,,,FALSE,3
458,2026-06-03,Oliver,FLA,15,The Environment - Noun phrases,,"Write 8 French noun phrases with determiner + noun + adjective, making adjectives agree. Expected output: 8 noun phrases. Language: French.",,,,,,FALSE,3
459,2026-06-03,Oliver,FLA,15,The Environment - Correct adjective phrases,,"Rewrite adjective phrases correctly: un arbre grand, une fleur belle, des oiseaux rares, des rivieres polluees. Expected output: 4 corrected phrases. Language: French.",,,,,,FALSE,3
460,2026-06-03,Oliver,ELA,15,The Environment - Persuasive paragraph,,"Write a persuasive paragraph for or against electric cars, plastic bans, or solar energy. Expected output: 6-8 sentence paragraph with position, 3 reasons, conclusion. Language: French.",,,,,,FALSE,3
461,2026-06-03,Oliver,Math,15,The Environment - Decimals and ordering,,"Round 3.47, 8.82, and 12.25 to the nearest tenth; order 0.6, 0.56, 0.605, and 0.065 from least to greatest. Expected output: answers plus explanation.",,,,,,FALSE,3
462,2026-06-03,Oliver,Math,15,The Environment - Forest percentage,,"Solve: if 40 percent of a 500-tree forest is cleared, how many trees remain and what percent remains? Expected output: calculation shown.",,,,,,FALSE,3
463,2026-06-03,Oliver,Science,15,The Environment - Ecosystem food web,,"Define ecosystem, producer, consumer, decomposer, food chain, and food web; draw and label a food web. Expected output: definitions plus food web with at least 6 organisms.",,,,,,FALSE,3
464,2026-06-03,Oliver,ELA,15,My Summer Review - Summer poem,,"Write a poem capturing the spirit of your summer with metaphors, imagery, and at least one French line. Expected output: at least 12 lines. Language: English plus one French line.",,,,,,FALSE,3
470,2026-06-03,Mom,Snow Family Work Log,90,Write anger management module content,,"Write anger management module content — shared: triggers, body signals, cool-down strategies",,,,,,FALSE,18
471,2026-06-03,Mom,Snow Family Work Log,30,Anger management Day 1 slides,,"Anger management Day 1 slides — What is Anger, body signals quiz, breathing tool, reflect",,,,,,FALSE,6
472,2026-06-03,Mom,Snow Family Work Log,30,Anger management Day 2 slides,,"Anger management Day 2 slides — Triggers identification, match activity, STOP strategy, journal",,,,,,FALSE,6
473,2026-06-03,Mom,Snow Family Work Log,30,Anger management Day 3 slides,,"Anger management Day 3 slides — Healthy expression vs explosion, scenarios quiz, toolkit reflect",,,,,,FALSE,6
474,2026-06-03,Mom,Snow Family Work Log,30,Anger management Day 4 slides,,"Anger management Day 4 slides — Repair after anger, apology practice, reflect on real situation",,,,,,FALSE,6
475,2026-06-03,Mom,Snow Family Work Log,30,Anger management Day 5 slides,,"Anger management Day 5 slides — Review and My Anger Plan, personal toolkit build",,,,,,FALSE,6
476,2026-06-03,Mom,Snow Family Work Log,60,Write Oliver social studies missions,,"Write Oliver social studies missions — Grade 5-6 Alberta: Canadian identity, globalization, world issues",,,,,,FALSE,12
477,2026-06-03,Mom,Social Studies ,30,Oliver social studies Day 2,,"Oliver social studies Day 2 — Reconciliation deep dive: TRC calls to action, local Indigenous history",,,,,,FALSE,6
478,2026-06-03,Mom,Social Studies ,30,Oliver social studies Day 3,,"Oliver social studies Day 3 — Globalization: supply chains, economic interdependence, Alberta trade",,,,,,FALSE,6
479,2026-06-03,Mom,Social Studies ,30,Oliver social studies Day 4,,"Oliver social studies Day 4 — Human rights: UN Convention, current global issues, persuasive response",,,,,,FALSE,6
480,2026-06-03,Mom,Social Studies ,30,Oliver social studies Day 5,,"Oliver social studies Day 5 — Francophone communities outside Quebec, cultural preservation essay",,,,,,FALSE,6
481,2026-06-03,Mom,Social Studies ,60,Write Logan social studies missions,,"Write Logan social studies missions — Grade 3-4 Alberta: community, Indigenous peoples, natural resources",,,,,,FALSE,12
482,2026-06-03,Mom,Social Studies ,30,Logan social studies Day 2,,"Logan social studies Day 2 — Indigenous peoples of Alberta: 3 groups, traditions, seasonal connection",,,,,,FALSE,6
483,2026-06-03,Mom,Social Studies ,30,Logan social studies Day 3,,Logan social studies Day 3 — Natural resources of Alberta: what they are and why they matter,,,,,,FALSE,6
484,2026-06-03,Mom,Social Studies ,30,Logan social studies Day 4,,"Logan social studies Day 4 — My community: map drawing, French place labels, community roles",,,,,,FALSE,6
485,2026-06-03,Mom,Social Studies ,30,Logan social studies Day 5,,"Logan social studies Day 5 — Rights and responsibilities: UN Convention for Children, letter writing",,,,,,FALSE,6
486,2026-06-03,Mom,Snow Family Work Log,60,Write art module content,,"Write art module content — shared: elements of art, colour theory, creative expression activities",,,,,,FALSE,12
487,2026-06-03,Mom,Snow Family Work Log,30,Art Day 1 shared,,"Art Day 1 shared — Elements of art (line, shape, colour, texture), observation activity",,,,,,FALSE,6
488,2026-06-03,Mom,Snow Family Work Log,30,Art Day 2 shared,,"Art Day 2 shared — Emotion colour map, feelings through colour, gratitude doodle activity",,,,,,FALSE,6
489,2026-06-03,Mom,Snow Family Work Log,30,Art Day 3 shared,,"Art Day 3 shared — Indigenous art traditions of Alberta, pattern activity, cultural appreciation",,,,,,FALSE,6
490,2026-06-03,Mom,Snow Family Work Log,30,Art Day 4 Oliver,,"Art Day 4 Oliver — Art analysis paragraph: describe, interpret, evaluate chosen artwork",,,,,,FALSE,6
491,2026-06-03,Mom,Snow Family Work Log,30,Art Day 4 Logan,,"Art Day 4 Logan — Seasonal watercolour: draw favourite season, label in French",,,,,,FALSE,6
492,2026-06-03,Mom,Snow Family Work Log,30,Art Day 5 shared,,"Art Day 5 shared — Portfolio page design, bilingual captions, reflect on creative growth",,,,,,FALSE,6
493,2026-06-03,Mom,Snow Family Work Log,60,Write music module content,,"Write music module content — shared: rhythm, mood playlists, body percussion, humming",,,,,,FALSE,12
494,2026-06-03,Mom,Snow Family Work Log,30,Music Day 1 shared,,"Music Day 1 shared — What music does to your brain, mood playlist challenge, genre explore",,,,,,FALSE,6
495,2026-06-03,Mom,Snow Family Work Log,30,Music Day 2 shared,,"Music Day 2 shared — Body percussion activity: clap/snap/stomp patterns, rhythm mirror game",,,,,,FALSE,6
496,2026-06-03,Mom,Snow Family Work Log,30,Music Day 3 shared,,"Music Day 3 shared — Humming meditation, vagus nerve science, 60-second hum activity",,,,,,FALSE,6
497,2026-06-03,Mom,Snow Family Work Log,30,Music Day 4 Oliver,,"Music Day 4 Oliver — Analyse a song: identify mood, write about meaning, connect to emotions",,,,,,FALSE,6
498,2026-06-03,Mom,Snow Family Work Log,30,Music Day 4 Logan,,"Music Day 4 Logan — Sing what you feel: make up a simple tune, draw what the music feels like",,,,,,FALSE,6
499,2026-06-03,Mom,Snow Family Work Log,30,Music Day 5 shared,,"Music Day 5 shared — Create personal calm playlist: 3 categories energy/focus/calm, explain choices",,,,,,FALSE,6
500,2026-06-03,Mom,Snow Family Work Log,60,Deploy all files to GitHub idunnoguesswho/snowflake,,Deploy all files to GitHub idunnoguesswho/snowflake — push rebrand and new modules via API,,,,,,FALSE,12
501,2026-06-03,Mom,Snow Family Work Log,30,"Test site on iPhone: oliver.html, logan.html, parent.html",,"Test site on iPhone: oliver.html, logan.html, parent.html — verify all new missions load correctly",,,,,,FALSE,6
502,2026-06-03,Mom,Snow Family Work Log,30,Enable GitHub Pages on idunnoguesswho/snowflake,,"Enable GitHub Pages on idunnoguesswho/snowflake — verify live URL, share links with family",,,,,,FALSE,6
503,2026-06-03,Mom,Snow Family Work Log,30,Parent dashboard update,,"Parent dashboard update — day control for new modules, verify journal entries capture correctly",,,,,,FALSE,6
504,2026-06-03,Mom,Snow Family Work Log,30,Final QA,,"Final QA — verify 30-min daily target maintained, day sequencing correct, all subjects covered",,,,,,FALSE,6
505,2026-06-04,Logan,Housework,60,Mow Lawn,,,,,,,,FALSE,12
506,2026-06-04,Oliver,Housework,60,Weed Whip,,,,,,,,FALSE,12
507,2026-06-04,Logan,Social Studies,20,Diety Research,,"deities story (why they matter for the Greek culture), a description of their physical characteristics, some words that describe their character and what are their powers",,,,2026-06-04,2026-06-04,TRUE,4
,2026-06-04,Oliver,Side Quest,10,Find balls,,Find 10 nerf balls,,,,,,FALSE,2
,2026-06-04,Logan,Side Quest,10,Find balls,,Find 10 nerf balls,,,,,,FALSE,2
,2026-06-04,Oliver,Side Quest,10,Dust lego,,Dust lego in your room,,,,,,FALSE,2
,2026-06-04,Logan,Side Quest,10,Dust shelves,,Dust shelves in your room,,,,,,FALSE,2
,2026-06-04,Logan,Side Quest,10,Dust shelves,,Dust shelves in living room,,,,,,FALSE,2
,2026-06-04,Oliver,Side Quest,10,Dust shelves,,Dust shelves in your room,,,,,,FALSE,2
,2026-06-04,Oliver,ELA,5,Pick book,,Pick your summer chapter book,,,,,,FALSE,1
,2026-06-04,Mom,Housework,30,Trailer trash,,Clean out trailer trash for big item day,,,,2026-06-04,2026-06-04,TRUE,6