,
,
,
https://www.youtube.com/results?search_query=kids+learning+activity+Book+report+draft+Write+first+draft+of+your+book+report+on+Charlotte%27s+Web+%E2%80%94+at+least+3+paragraphs,worksheets/4.html
https://www.youtube.com/results?search_query=kids+learning+activity+Math+and+Science+5+science+on+life+cycles+and+10+on+money,worksheets/5.html
,
,
https://www.youtube.com/results?search_query=kids+learning+activity+Reading+log+Language+Arts+task+due+2026-06-05.+Read+for+20+minutes+and+update+the+reading+lo,worksheets/8.html
https://www.youtube.com/results?search_query=kids+learning+activity+Math+practice+Math+task+due+2026-06-06.+Complete+the+assigned+math+practice.,worksheets/9.html
https://www.youtube.com/results?search_query=kids+learning+activity+Spelling+words+Language+Arts+task+due+2026-06-05.+Practice+the+spelling+words+out+loud+and+in+w,worksheets/10.html
https://www.youtube.com/results?search_query=kids+learning+activity+Science+drawing+Science+task+due+2026-06-07.+Finish+the+science+drawing.,worksheets/11.html
https://www.youtube.com/results?search_query=brain+break+activity+for+kids+Cross-Lateral+Brain+Wake-Up,worksheets/12.html
https://www.youtube.com/results?search_query=brain+break+activity+for+kids+Opposite+Day+Challenge,worksheets/13.html
https://www.youtube.com/results?search_query=brain+break+activity+for+kids+Memory+Tray+Detective,worksheets/14.html
https://www.youtube.com/results?search_query=brain+break+activity+for+kids+Number-Body+Pattern,worksheets/15.html
https://www.youtube.com/results?search_query=brain+break+activity+for+kids+Mystery+Category+Race,worksheets/16.html
https://www.youtube.com/results?search_query=NCSO+construction+safety+NCSO+01+-+Exam+map+and+weak+spots,worksheets/18.html
https://www.youtube.com/results?search_query=NCSO+construction+safety+NCSO+02+-+Health+and+safety+program+basics,worksheets/19.html
https://www.youtube.com/results?search_query=NCSO+construction+safety+NCSO+03+-+Internal+responsibility+system,worksheets/20.html
https://www.youtube.com/results?search_query=NCSO+construction+safety+NCSO+04+-+Legislation+and+due+diligence,worksheets/21.html
https://www.youtube.com/results?search_query=NCSO+construction+safety+NCSO+05+-+Worker+rights+and+responsibilities,worksheets/22.html
https://www.youtube.com/results?search_query=NCSO+construction+safety+NCSO+06+-+Hazard+identification+methods,worksheets/23.html
https://www.youtube.com/results?search_query=NCSO+construction+safety+NCSO+07+-+Risk+assessment+ranking,worksheets/24.html
https://www.youtube.com/results?search_query=NCSO+construction+safety+NCSO+08+-+Hierarchy+of+controls,worksheets/25.html
https://www.youtube.com/results?search_query=NCSO+construction+safety+NCSO+09+-+Safe+work+practices+and+procedures,worksheets/26.html
https://www.youtube.com/results?search_query=NCSO+construction+safety+NCSO+10+-+FLHA%2FJHA+walkthrough,worksheets/27.html
https://www.youtube.com/results?search_query=NCSO+construction+safety+NCSO+11+-+Site+inspections,worksheets/28.html
https://www.youtube.com/results?search_query=NCSO+construction+safety+NCSO+12+-+Incident+investigation+steps,worksheets/29.html
https://www.youtube.com/results?search_query=NCSO+construction+safety+NCSO+13+-+Root+cause+vs+direct+cause,worksheets/30.html
https://www.youtube.com/results?search_query=NCSO+construction+safety+NCSO+14+-+Corrective+actions,worksheets/31.html
https://www.youtube.com/results?search_query=NCSO+construction+safety+NCSO+15+-+WHMIS+and+SDS,worksheets/32.html
https://www.youtube.com/results?search_query=NCSO+construction+safety+NCSO+16+-+PPE+selection+and+limits,worksheets/33.html
https://www.youtube.com/results?search_query=NCSO+construction+safety+NCSO+17+-+Occupational+hygiene+basics,worksheets/34.html
https://www.youtube.com/results?search_query=NCSO+construction+safety+NCSO+18+-+Emergency+preparedness+and+first+aid,worksheets/35.html
https://www.youtube.com/results?search_query=NCSO+construction+safety+NCSO+19+-+Training+and+orientations,worksheets/36.html
https://www.youtube.com/results?search_query=NCSO+construction+safety+NCSO+20+-+Toolbox+talks+and+communication,worksheets/37.html
https://www.youtube.com/results?search_query=NCSO+construction+safety+NCSO+21+-+Preventive+maintenance,worksheets/38.html
https://www.youtube.com/results?search_query=NCSO+construction+safety+NCSO+22+-+Auditing+and+COR+evidence,worksheets/39.html
https://www.youtube.com/results?search_query=NCSO+construction+safety+NCSO+23+-+Records+and+safety+statistics,worksheets/40.html
https://www.youtube.com/results?search_query=NCSO+construction+safety+NCSO+24+-+Practice+questions+and+recall,worksheets/41.html
https://www.youtube.com/results?search_query=brain+break+activity+for+kids+Movement+%26+Cross-Body+-+Cross+Crawl,worksheets/42.html
https://www.youtube.com/results?search_query=brain+break+activity+for+kids+Movement+%26+Cross-Body+-+Brain+Buttons,worksheets/43.html
https://www.youtube.com/results?search_query=brain+break+activity+for+kids+Movement+%26+Cross-Body+-+Hook-Ups+%2F+Energy+Yawn,worksheets/44.html
https://www.youtube.com/results?search_query=brain+break+activity+for+kids+Movement+%26+Cross-Body+-+Figure+8+Eyes,worksheets/45.html
https://www.youtube.com/results?search_query=brain+break+activity+for+kids+Movement+%26+Cross-Body+-+Lazy+8+Drawing,worksheets/46.html
https://www.youtube.com/results?search_query=brain+break+activity+for+kids+Movement+%26+Cross-Body+-+Juggling+Practice,worksheets/47.html
https://www.youtube.com/results?search_query=brain+break+activity+for+kids+Breathing+%26+Calm+-+Box+Breathing,worksheets/48.html
https://www.youtube.com/results?search_query=brain+break+activity+for+kids+Breathing+%26+Calm+-+4-7-8+Breathing,worksheets/49.html
https://www.youtube.com/results?search_query=brain+break+activity+for+kids+Breathing+%26+Calm+-+Belly+Breathing,worksheets/50.html
https://www.youtube.com/results?search_query=brain+break+activity+for+kids+Breathing+%26+Calm+-+Flower+and+Candle,worksheets/51.html
https://www.youtube.com/results?search_query=brain+break+activity+for+kids+Breathing+%26+Calm+-+Star+Breathing,worksheets/52.html
https://www.youtube.com/results?search_query=brain+break+activity+for+kids+Music+%26+Rhythm+-+Mood+Playlist+Challenge,worksheets/53.html
https://www.youtube.com/results?search_query=brain+break+activity+for+kids+Music+%26+Rhythm+-+Body+Percussion,worksheets/54.html
https://www.youtube.com/results?search_query=brain+break+activity+for+kids+Music+%26+Rhythm+-+Humming+Meditation,worksheets/55.html
https://www.youtube.com/results?search_query=brain+break+activity+for+kids+Music+%26+Rhythm+-+Sing+What+You+Feel,worksheets/56.html
https://www.youtube.com/results?search_query=brain+break+activity+for+kids+Music+%26+Rhythm+-+Rhythm+Mirroring+Game,worksheets/57.html
https://www.youtube.com/results?search_query=brain+break+activity+for+kids+Creative+Expression+-+Emotion+Colour+Map,worksheets/58.html
https://www.youtube.com/results?search_query=brain+break+activity+for+kids+Creative+Expression+-+Morning+Pages,worksheets/59.html
https://www.youtube.com/results?search_query=brain+break+activity+for+kids+Creative+Expression+-+Worry+Jar+Drawings,worksheets/60.html
https://www.youtube.com/results?search_query=brain+break+activity+for+kids+Creative+Expression+-+Gratitude+Doodle,worksheets/61.html
https://www.youtube.com/results?search_query=brain+break+activity+for+kids+Creative+Expression+-+Collage+Your+Day,worksheets/62.html
https://www.youtube.com/results?search_query=brain+break+activity+for+kids+Logic+%26+Problem+Solving+-+Quick+Challenges,worksheets/63.html
https://www.youtube.com/results?search_query=brain+break+activity+for+kids+Logic+%26+Problem+Solving+-+Design+Challenge,worksheets/64.html
https://www.youtube.com/results?search_query=brain+break+activity+for+kids+Logic+%26+Problem+Solving+-+LEGO+%2F+Block+Architecture,worksheets/65.html
https://www.youtube.com/results?search_query=brain+break+activity+for+kids+Mindfulness+%26+Grounding+-+5-4-3-2-1+Method,worksheets/66.html
https://www.youtube.com/results?search_query=brain+break+activity+for+kids+Mindfulness+%26+Grounding+-+Body+Scan,worksheets/67.html
https://www.youtube.com/results?search_query=brain+break+activity+for+kids+Mindfulness+%26+Grounding+-+Safe+Place+Visualization,worksheets/68.html
https://www.youtube.com/results?search_query=brain+break+activity+for+kids+Connection+%26+Play+-+Two+Truths+and+a+Wish,worksheets/69.html
https://www.youtube.com/results?search_query=brain+break+activity+for+kids+Connection+%26+Play+-+Rose%2C+Bud%2C+Thorn,worksheets/70.html
https://www.youtube.com/results?search_query=brain+break+activity+for+kids+Connection+%26+Play+-+Compliment+Circle,worksheets/71.html
https://www.youtube.com/results?search_query=brain+break+activity+for+kids+Connection+%26+Play+-+Question+Jar,worksheets/72.html
https://www.youtube.com/results?search_query=brain+break+activity+for+kids+Connection+%26+Play+-+Outdoor+Play+Challenge,worksheets/73.html
https://www.youtube.com/results?search_query=brain+break+activity+for+kids+Movement+%26+Cross-Body+-+Cross+Crawl,worksheets/74.html
https://www.youtube.com/results?search_query=brain+break+activity+for+kids+Movement+%26+Cross-Body+-+Brain+Buttons,worksheets/75.html
https://www.youtube.com/results?search_query=brain+break+activity+for+kids+Movement+%26+Cross-Body+-+Hook-Ups+%2F+Energy+Yawn,worksheets/76.html
https://www.youtube.com/results?search_query=brain+break+activity+for+kids+Movement+%26+Cross-Body+-+Figure+8+Eyes,worksheets/77.html
https://www.youtube.com/results?search_query=brain+break+activity+for+kids+Movement+%26+Cross-Body+-+Lazy+8+Drawing,worksheets/78.html
https://www.youtube.com/results?search_query=brain+break+activity+for+kids+Movement+%26+Cross-Body+-+Juggling+Practice,worksheets/79.html
https://www.youtube.com/results?search_query=brain+break+activity+for+kids+Breathing+%26+Calm+-+Box+Breathing,worksheets/80.html
https://www.youtube.com/results?search_query=brain+break+activity+for+kids+Breathing+%26+Calm+-+4-7-8+Breathing,worksheets/81.html
https://www.youtube.com/results?search_query=brain+break+activity+for+kids+Breathing+%26+Calm+-+Belly+Breathing,worksheets/82.html
https://www.youtube.com/results?search_query=brain+break+activity+for+kids+Breathing+%26+Calm+-+Flower+and+Candle,worksheets/83.html
https://www.youtube.com/results?search_query=brain+break+activity+for+kids+Breathing+%26+Calm+-+Star+Breathing,worksheets/84.html
https://www.youtube.com/results?search_query=brain+break+activity+for+kids+Music+%26+Rhythm+-+Mood+Playlist+Challenge,worksheets/85.html
https://www.youtube.com/results?search_query=brain+break+activity+for+kids+Music+%26+Rhythm+-+Body+Percussion,worksheets/86.html
https://www.youtube.com/results?search_query=brain+break+activity+for+kids+Music+%26+Rhythm+-+Humming+Meditation,worksheets/87.html
https://www.youtube.com/results?search_query=brain+break+activity+for+kids+Music+%26+Rhythm+-+Sing+What+You+Feel,worksheets/88.html
https://www.youtube.com/results?search_query=brain+break+activity+for+kids+Music+%26+Rhythm+-+Rhythm+Mirroring+Game,worksheets/89.html
https://www.youtube.com/results?search_query=brain+break+activity+for+kids+Creative+Expression+-+Emotion+Colour+Map,worksheets/90.html
https://www.youtube.com/results?search_query=brain+break+activity+for+kids+Creative+Expression+-+Morning+Pages,worksheets/91.html
https://www.youtube.com/results?search_query=brain+break+activity+for+kids+Creative+Expression+-+Worry+Jar+Drawings,worksheets/92.html
https://www.youtube.com/results?search_query=brain+break+activity+for+kids+Creative+Expression+-+Gratitude+Doodle,worksheets/93.html
https://www.youtube.com/results?search_query=brain+break+activity+for+kids+Creative+Expression+-+Collage+Your+Day,worksheets/94.html
https://www.youtube.com/results?search_query=brain+break+activity+for+kids+Logic+%26+Problem+Solving+-+Quick+Challenges,worksheets/95.html
https://www.youtube.com/results?search_query=brain+break+activity+for+kids+Logic+%26+Problem+Solving+-+Design+Challenge,worksheets/96.html
https://www.youtube.com/results?search_query=brain+break+activity+for+kids+Logic+%26+Problem+Solving+-+LEGO+%2F+Block+Architecture,worksheets/97.html
https://www.youtube.com/results?search_query=brain+break+activity+for+kids+Mindfulness+%26+Grounding+-+5-4-3-2-1+Method,worksheets/98.html
https://www.youtube.com/results?search_query=brain+break+activity+for+kids+Mindfulness+%26+Grounding+-+Body+Scan,worksheets/99.html
https://www.youtube.com/results?search_query=brain+break+activity+for+kids+Mindfulness+%26+Grounding+-+Safe+Place+Visualization,worksheets/100.html
https://www.youtube.com/results?search_query=brain+break+activity+for+kids+Connection+%26+Play+-+Two+Truths+and+a+Wish,worksheets/101.html
https://www.youtube.com/results?search_query=brain+break+activity+for+kids+Connection+%26+Play+-+Rose%2C+Bud%2C+Thorn,worksheets/102.html
https://www.youtube.com/results?search_query=brain+break+activity+for+kids+Connection+%26+Play+-+Compliment+Circle,worksheets/103.html
https://www.youtube.com/results?search_query=brain+break+activity+for+kids+Connection+%26+Play+-+Question+Jar,worksheets/104.html
https://www.youtube.com/results?search_query=brain+break+activity+for+kids+Connection+%26+Play+-+Outdoor+Play+Challenge,worksheets/105.html
https://www.youtube.com/results?search_query=kid+friendly+coping+skills+feelings+activity+Alateen+01+-+What+this+is+for,worksheets/106.html
https://www.youtube.com/results?search_query=kid+friendly+coping+skills+feelings+activity+Alateen+01+-+What+this+is+for,worksheets/107.html
https://www.youtube.com/results?search_query=kid+friendly+coping+skills+feelings+activity+Alateen+02+-+Feelings+weather,worksheets/108.html
https://www.youtube.com/results?search_query=kid+friendly+coping+skills+feelings+activity+Alateen+02+-+Feelings+weather,worksheets/109.html
https://www.youtube.com/results?search_query=kid+friendly+coping+skills+feelings+activity+Alateen+03+-+The+3+Cs,worksheets/110.html
https://www.youtube.com/results?search_query=kid+friendly+coping+skills+feelings+activity+Alateen+03+-+The+3+Cs,worksheets/111.html
https://www.youtube.com/results?search_query=kid+friendly+coping+skills+feelings+activity+Alateen+04+-+My+safe+people+map,worksheets/112.html
https://www.youtube.com/results?search_query=kid+friendly+coping+skills+feelings+activity+Alateen+04+-+My+safe+people+map,worksheets/113.html
https://www.youtube.com/results?search_query=kid+friendly+coping+skills+feelings+activity+Alateen+05+-+Calm+body+reset,worksheets/114.html
https://www.youtube.com/results?search_query=kid+friendly+coping+skills+feelings+activity+Alateen+05+-+Calm+body+reset,worksheets/115.html
https://www.youtube.com/results?search_query=kid+friendly+coping+skills+feelings+activity+Alateen+06+-+One+day+at+a+time,worksheets/116.html
https://www.youtube.com/results?search_query=kid+friendly+coping+skills+feelings+activity+Alateen+06+-+One+day+at+a+time,worksheets/117.html
https://www.youtube.com/results?search_query=kid+friendly+coping+skills+feelings+activity+Alateen+07+-+HALT+check,worksheets/118.html
https://www.youtube.com/results?search_query=kid+friendly+coping+skills+feelings+activity+Alateen+07+-+HALT+check,worksheets/119.html
https://www.youtube.com/results?search_query=kid+friendly+coping+skills+feelings+activity+Alateen+08+-+Boundaries+bubble,worksheets/120.html
https://www.youtube.com/results?search_query=kid+friendly+coping+skills+feelings+activity+Alateen+08+-+Boundaries+bubble,worksheets/121.html
https://www.youtube.com/results?search_query=kid+friendly+coping+skills+feelings+activity+Alateen+09+-+Detach+with+love,worksheets/122.html
https://www.youtube.com/results?search_query=kid+friendly+coping+skills+feelings+activity+Alateen+09+-+Detach+with+love,worksheets/123.html
https://www.youtube.com/results?search_query=kid+friendly+coping+skills+feelings+activity+Alateen+10+-+Secrets+and+safety,worksheets/124.html
https://www.youtube.com/results?search_query=kid+friendly+coping+skills+feelings+activity+Alateen+10+-+Secrets+and+safety,worksheets/125.html
https://www.youtube.com/results?search_query=kid+friendly+coping+skills+feelings+activity+Alateen+11+-+Ask+for+help+script,worksheets/126.html
https://www.youtube.com/results?search_query=kid+friendly+coping+skills+feelings+activity+Alateen+11+-+Ask+for+help+script,worksheets/127.html
https://www.youtube.com/results?search_query=kid+friendly+coping+skills+feelings+activity+Alateen+12+-+Listen%2C+share%2C+pass,worksheets/128.html
https://www.youtube.com/results?search_query=kid+friendly+coping+skills+feelings+activity+Alateen+12+-+Listen%2C+share%2C+pass,worksheets/129.html
https://www.youtube.com/results?search_query=kid+friendly+coping+skills+feelings+activity+Alateen+13+-+Gratitude+and+good+things,worksheets/130.html
https://www.youtube.com/results?search_query=kid+friendly+coping+skills+feelings+activity+Alateen+13+-+Gratitude+and+good+things,worksheets/131.html
https://www.youtube.com/results?search_query=kid+friendly+coping+skills+feelings+activity+Alateen+14+-+Courage+words,worksheets/132.html
https://www.youtube.com/results?search_query=kid+friendly+coping+skills+feelings+activity+Alateen+14+-+Courage+words,worksheets/133.html
https://www.youtube.com/results?search_query=kid+friendly+coping+skills+feelings+activity+Alateen+15+-+My+toolbox,worksheets/134.html
https://www.youtube.com/results?search_query=kid+friendly+coping+skills+feelings+activity+Alateen+15+-+My+toolbox,worksheets/135.html
https://www.youtube.com/results?search_query=kid+friendly+coping+skills+feelings+activity+Alateen+Resource+01+-+Teen+Corner,worksheets/136.html
https://www.youtube.com/results?search_query=French+lesson+for+kids+French+60-Second+Talk+Describe+something+you+learned+this+year.+Use+3+connectors%3A+first%2C+next%2C+finally,worksheets/136.html
https://www.youtube.com/results?search_query=French+lesson+for+kids+French+Mini+Summary+Read+one+page+of+a+French+book.+Say+who%2C+where%2C+what+happens%2C+and+the+important+,worksheets/137.html
https://www.youtube.com/results?search_query=French+lesson+for+kids+Sentence+Upgrade+Start+with+a+tiny+French+sentence+and+add+where%2C+how%2C+and+why+details.,worksheets/138.html
https://www.youtube.com/results?search_query=French+lesson+for+kids+Fiction+or+Non-Fiction%3F+Pick+any+text+and+identify+its+purpose%2C+features%2C+and+clues.,worksheets/139.html
https://www.youtube.com/results?search_query=French+lesson+for+kids+Mystery+Word+Choose+a+French+word+from+a+book.+Guess+the+meaning+from+context+and+use+it+in+a,worksheets/140.html
https://www.youtube.com/results?search_query=language+arts+lesson+for+kids+Read+Like+an+Actor+Read+a+paragraph+twice%3A+first+normally%2C+then+with+expression%2C+pauses%2C+and+emphas,worksheets/141.html
https://www.youtube.com/results?search_query=language+arts+lesson+for+kids+Two-Sentence+Review+After+reading%2C+write+one+sentence+about+what+happened+and+one+opinion+sentence+u,worksheets/142.html
https://www.youtube.com/results?search_query=language+arts+lesson+for+kids+Dialogue+Fix-It+Fix+punctuation+in+a+dialogue+sentence+and+make+it+clearer.,worksheets/143.html
https://www.youtube.com/results?search_query=language+arts+lesson+for+kids+Spicy+Sentence+Take+a+plain+sentence+and+add+2+adjectives%2C+1+strong+verb%2C+and+1+detail.,worksheets/144.html
https://www.youtube.com/results?search_query=math+lesson+for+kids+Fact+Sprint+Answer+as+many+multiplication+or+division+facts+as+possible+in+2+minutes%2C+then+b,worksheets/145.html
https://www.youtube.com/results?search_query=math+lesson+for+kids+Receipt+Math+Use+fake+prices+under+%2410.+Add+two+amounts+and+make+change+from+%2420.,worksheets/146.html
https://www.youtube.com/results?search_query=math+lesson+for+kids+Round+the+Room+Pick+numbers+around+the+room+or+from+a+book.+Round+each+to+the+nearest+10+and+10,worksheets/147.html
https://www.youtube.com/results?search_query=math+lesson+for+kids+Clock+Challenge+Read+an+analog+clock%2C+then+say+what+time+it+will+be+in+25+minutes.,worksheets/148.html
https://www.youtube.com/results?search_query=math+lesson+for+kids+Area+Builder+Use+Lego+or+grid+paper+to+build+rectangles.+Count+square+units+and+write+the+mul,worksheets/149.html
https://www.youtube.com/results?search_query=math+lesson+for+kids+Snack+Data+Graph+Ask+5+people+their+favourite+snack%2C+tally+the+answers%2C+make+a+bar+graph%2C+and+exp,worksheets/150.html
https://www.youtube.com/results?search_query=science+lesson+for+kids+Water+Cycle+Sketch+Draw+and+label+evaporation%2C+condensation%2C+precipitation%2C+and+collection.,worksheets/151.html
https://www.youtube.com/results?search_query=science+lesson+for+kids+Force+Hunt+Find+5+pushes+or+pulls+around+the+house.+Sort+them+into+push%2C+pull%2C+or+both.,worksheets/152.html
https://www.youtube.com/results?search_query=science+lesson+for+kids+Simple+Machine+Spotting+Find+a+lever%2C+wheel+and+axle%2C+inclined+plane%2C+wedge%2C+screw%2C+or+pulley.+Sketch+on,worksheets/153.html
https://www.youtube.com/results?search_query=science+lesson+for+kids+Soil+Detective+Observe+a+spoonful+of+soil+or+dirt.+Record+3+observations+and+1+question.,worksheets/154.html
https://www.youtube.com/results?search_query=science+lesson+for+kids+Toy+Car+Investigation+Test+which+surface+makes+a+toy+car+roll+farthest.+Record+results+and+say+what+ma,worksheets/155.html
https://www.youtube.com/results?search_query=science+lesson+for+kids+Magnet+Test+Predict+and+test+10+objects.+Sort+them+into+magnetic+and+not+magnetic.,worksheets/156.html
https://www.youtube.com/results?search_query=social+studies+lesson+for+kids+The+Environment+Identify+3+positive+and+3+negative+human+impacts+on+Alberta%27s+environment%3B+propo,worksheets/196.html
https://www.youtube.com/results?search_query=language+arts+lesson+for+kids+The+Environment+Write+a+poem+from+the+point+of+view+of+a+river%2C+forest%2C+or+endangered+animal+usi,worksheets/197.html
https://www.youtube.com/results?search_query=French+lesson+for+kids+Canadian+History+Find+and+read+a+French+article+about+Canadian+history.+Main+idea%2C+3+details%2C+2+v,worksheets/198.html
https://www.youtube.com/results?search_query=language+arts+lesson+for+kids+Canadian+History+Write+a+first-person+narrative+from+the+perspective+of+a+child+pioneer+in+early+,worksheets/199.html
https://www.youtube.com/results?search_query=math+lesson+for+kids+Canadian+History+Calculate+years+since+Confederation%2C+years+between+Confederation+and+Calgary+Sta,worksheets/200.html
https://www.youtube.com/results?search_query=math+lesson+for+kids+Canadian+History+Convert+3%2F4+to+decimal+and+percent%2C+0.6+to+fraction+and+percent%2C+and+45%25+to+deci,worksheets/201.html
https://www.youtube.com/results?search_query=science+lesson+for+kids+Canadian+History+Choose+a+Canadian+invention+and+explain+the+problem+it+solved%2C+the+science+behin,worksheets/202.html
https://www.youtube.com/results?search_query=social+studies+lesson+for+kids+Canadian+History+Explain+reconciliation+in+Canada%2C+name+the+3+main+Indigenous+groups%2C+explain+res,worksheets/203.html
https://www.youtube.com/results?search_query=language+arts+lesson+for+kids+Canadian+History+Write+a+short+story+set+in+Canada+in+the+1800s+with+accurate+historical+details%2C,worksheets/204.html
https://www.youtube.com/results?search_query=French+lesson+for+kids+Real-World+Math+Create+a+graph+about+something+in+your+life+and+interpret+the+data.+Graph+plus+p,worksheets/205.html
https://www.youtube.com/results?search_query=language+arts+lesson+for+kids+Real-World+Math+Plan+how+to+spend+%24150+during+the+summer+using+categories%2C+amounts%2C+and+justific,worksheets/206.html
https://www.youtube.com/results?search_query=math+lesson+for+kids+Real-World+Math+Write+3+real-life+ratios%2C+simplify+each%2C+and+explain+what+1%3A3+means.+3+simplifie,worksheets/207.html
https://www.youtube.com/results?search_query=math+lesson+for+kids+Real-World+Math+Calculate+simple+interest+on+%24200+at+3%25+for+1+year+and+3+years%2C+then+total+savin,worksheets/208.html
https://www.youtube.com/results?search_query=math+lesson+for+kids+Real-World+Math+Flip+a+coin+20+times%2C+predict+heads%2C+record+results%2C+compare+prediction%2C+and+cal,worksheets/209.html
https://www.youtube.com/results?search_query=science+lesson+for+kids+Real-World+Math+Define+circuit%2C+conductor%2C+insulator%2C+series+circuit%2C+and+parallel+circuit%3B+draw,worksheets/210.html
https://www.youtube.com/results?search_query=social+studies+lesson+for+kids+Real-World+Math+Choose+a+product+and+trace+its+path+from+raw+materials+to+your+hands%2C+including+,worksheets/211.html
https://www.youtube.com/results?search_query=language+arts+lesson+for+kids+Real-World+Math+Design+an+infographic+about+an+interesting+math+concept.+Clear+visual+with+title,worksheets/212.html
https://www.youtube.com/results?search_query=French+lesson+for+kids+Body+and+Health+Conjugate+aller+and+avoir+in+present%2C+passe+compose%2C+and+futur+simple%3B+write+ori,worksheets/213.html
https://www.youtube.com/results?search_query=French+lesson+for+kids+Body+and+Health+Explain+the+difference+between+imparfait+and+passe+compose.+Explanation+plus+2+e,worksheets/214.html
https://www.youtube.com/results?search_query=language+arts+lesson+for+kids+Body+and+Health+Write+about+your+ideal+healthy+day+from+morning+to+night+using+passe+compose.+Na,worksheets/215.html
https://www.youtube.com/results?search_query=math+lesson+for+kids+Body+and+Health+Measure+heart+rate+at+rest%2C+after+light+exercise%2C+and+after+moderate+exercise%3B+c,worksheets/216.html
https://www.youtube.com/results?search_query=math+lesson+for+kids+Body+and+Health+Convert+2.5+km+to+m%2C+1500+mL+to+L%2C+4.2+kg+to+g%2C+and+350+cm+to+m%3B+create+a+real-w,worksheets/217.html
https://www.youtube.com/results?search_query=science+lesson+for+kids+Body+and+Health+Describe+digestive%2C+circulatory%2C+respiratory%2C+and+skeletal+systems+and+how+they+,worksheets/218.html
https://www.youtube.com/results?search_query=social+studies+lesson+for+kids+Body+and+Health+Define+mental+health%2C+resilience%2C+stress%2C+and+coping+strategies%3B+list+5+healthy+,worksheets/219.html
https://www.youtube.com/results?search_query=language+arts+lesson+for+kids+Body+and+Health+Write+a+short+magazine+article+for+kids+about+one+aspect+of+health.+10-12+senten,worksheets/220.html
https://www.youtube.com/results?search_query=French+lesson+for+kids+Technology+and+the+Future+Use+linking+words+in+original+sentences%3A+premierement%2C+deuxiemement%2C+cependant%2C+,worksheets/221.html
https://www.youtube.com/results?search_query=French+lesson+for+kids+Technology+and+the+Future+Read+or+watch+something+about+AI+or+technology.+3+facts%2C+2+opinions%2C+1+question+,worksheets/222.html
https://www.youtube.com/results?search_query=language+arts+lesson+for+kids+Technology+and+the+Future+Write+an+informational+text+explaining+what+AI+is%2C+how+it+works+simply%2C+and+2+wa,worksheets/223.html
https://www.youtube.com/results?search_query=math+lesson+for+kids+Technology+and+the+Future+If+n+%3D+5%2C+solve+3n+%2B+2%2C+4n+-+7%2C+n%5E2+%2B+1%2C+and+2%28n+%2B+3%29%3B+write+a+word+problem+with,worksheets/224.html
https://www.youtube.com/results?search_query=math+lesson+for+kids+Technology+and+the+Future+Solve+order-of-operations+problems%3A+%283+%2B+4%29+x+2+-+1%2C+5%5E2+-+%283+x+4%29+%2B+2%2C+and+12+%2F,worksheets/225.html
https://www.youtube.com/results?search_query=science+lesson+for+kids+Technology+and+the+Future+Compare+solar%2C+wind%2C+and+hydroelectric+energy+and+decide+which+Alberta+should+in,worksheets/226.html
https://www.youtube.com/results?search_query=social+studies+lesson+for+kids+Technology+and+the+Future+Define+globalization%2C+give+3+daily-life+examples%2C+and+list+2+advantages+and+2+di,worksheets/227.html
https://www.youtube.com/results?search_query=language+arts+lesson+for+kids+Technology+and+the+Future+Describe+or+draw+your+ideal+city+of+2075%2C+considering+housing%2C+transportation%2C+e,worksheets/228.html
https://www.youtube.com/results?search_query=French+lesson+for+kids+Arts+and+Culture+Read+a+French+short+story+or+fable+and+analyze+it.+Theme%2C+protagonist%2C+conflict%2C,worksheets/229.html
https://www.youtube.com/results?search_query=language+arts+lesson+for+kids+Arts+and+Culture+Write+a+French+short+story+with+exposition%2C+rising+action%2C+climax%2C+resolution%2C+a,worksheets/230.html
https://www.youtube.com/results?search_query=math+lesson+for+kids+Arts+and+Culture+Calculate+area+and+perimeter+for+a+circle+with+radius+6+cm%2C+a+triangle+with+base,worksheets/231.html
https://www.youtube.com/results?search_query=math+lesson+for+kids+Arts+and+Culture+Draw+a+shape+on+a+grid+and+show+a+translation%2C+reflection%2C+and+90-degree+rotatio,worksheets/232.html
https://www.youtube.com/results?search_query=science+lesson+for+kids+Arts+and+Culture+Explain+how+the+eye+perceives+colour+using+rods%2C+cones%2C+and+wavelengths%3B+explain,worksheets/233.html
https://www.youtube.com/results?search_query=social+studies+lesson+for+kids+Arts+and+Culture+Name+5+Francophone+communities+or+regions+in+Canada+outside+Quebec%2C+describe+the,worksheets/234.html
https://www.youtube.com/results?search_query=language+arts+lesson+for+kids+Arts+and+Culture+Find+an+artwork+and+analyze+what+you+see%2C+what+it+means%2C+and+what+feelings+it+ev,worksheets/235.html
https://www.youtube.com/results?search_query=French+lesson+for+kids+Global+Issues+Identify+the+type+and+purpose+of+a+newspaper+article%2C+recipe%2C+letter%2C+advertisem,worksheets/236.html
https://www.youtube.com/results?search_query=social+studies+lesson+for+kids+Global+Issues+Choose+climate+action%2C+social+media+age+limits%2C+or+universal+basic+income%3B+write,worksheets/237.html
https://www.youtube.com/results?search_query=math+lesson+for+kids+Global+Issues+Use+world+population+estimates+to+calculate+Canada%27s+share+of+the+world+populati,worksheets/238.html
https://www.youtube.com/results?search_query=math+lesson+for+kids+Global+Issues+Use+map+scale+1+cm+%3D+500+km+to+find+the+real+distance+for+3.5+cm%3B+create+your+ow,worksheets/239.html
https://www.youtube.com/results?search_query=science+lesson+for+kids+Global+Issues+Explain+the+greenhouse+effect%2C+list+5+human+activities+that+increase+greenhouse+,worksheets/240.html
https://www.youtube.com/results?search_query=social+studies+lesson+for+kids+Global+Issues+Choose+a+human+rights+issue+and+write+about+the+issue%2C+who+is+affected%2C+and+poss,worksheets/241.html
https://www.youtube.com/results?search_query=language+arts+lesson+for+kids+Global+Issues+Write+a+compelling+opening+paragraph+for+an+essay+about+a+global+issue+you+care+,worksheets/242.html
https://www.youtube.com/results?search_query=French+lesson+for+kids+My+Summer+Review+List+20+French+words+learned+or+used+this+summer.+Word%2C+English+meaning%2C+origina,worksheets/243.html
https://www.youtube.com/results?search_query=French+lesson+for+kids+My+Summer+Review+Write+3+sentences+in+imparfait%2C+3+in+passe+compose%2C+3+in+futur+simple%2C+plus+2+ch,worksheets/244.html
https://www.youtube.com/results?search_query=language+arts+lesson+for+kids+My+Summer+Review+Write+a+formal+French+letter+to+your+Grade+6+teacher+introducing+yourself.+Lette,worksheets/245.html
https://www.youtube.com/results?search_query=math+lesson+for+kids+My+Summer+Review+Complete+final+multi-step+problems%3A+fruit+purchase+total%2Fchange+and+garden+fenci,worksheets/246.html
https://www.youtube.com/results?search_query=science+lesson+for+kids+My+Summer+Review+Ask+one+question+about+the+natural+world%2C+write+a+hypothesis%2C+and+plan+an+experi,worksheets/247.html
https://www.youtube.com/results?search_query=social+studies+lesson+for+kids+My+Summer+Review+Describe+3+specific+ways+you+plan+to+make+a+positive+difference+in+school%2C+commu,worksheets/248.html
https://www.youtube.com/results?search_query=French+lesson+for+kids+Message+minute+Explain+your+day%2C+a+book%2C+or+a+science+idea+in+French+for+60+seconds.+Then+write,worksheets/250.html
https://www.youtube.com/results?search_query=French+lesson+for+kids+Text+detective+Read+one+short+French+paragraph.+Find+the+main+idea%2C+2+details%2C+and+3+useful+wor,worksheets/251.html
https://www.youtube.com/results?search_query=language+arts+lesson+for+kids+Fluency+%2B+retell+Read+aloud+for+2+minutes+in+English.+Retell+beginning%2C+middle%2C+and+end.+Write+on,worksheets/252.html
https://www.youtube.com/results?search_query=math+lesson+for+kids+Fact+ladder+Pick+one+multiplication+family%2C+such+as+6s.+Say+or+write+6x1+to+6x10%2C+then+rever,worksheets/253.html
,
,
,
,
,
,
,
,
,
,
,
,
,
,
,
,
,
,
,
,
,
,
,
,
,
,
,
,
,
,
,
,
,
,
,
,
,
,
,
,
,
,
,
,
,
,
,
,
,
,
,
,
,
,
,
,
,
,
,
,
,
,
,
,
,
,
,
,
,
,
,
,
,
,
,
,
,
,
,
,
,
,
,
,
,
,
,
,
,
,
,
https://www.youtube.com/results?search_query=math+lesson+for+kids+1%2C000+challenge+Make+two+3-digit+numbers+with+cards+or+dice.+Estimate%2C+then+add+and+subtract+usi,worksheets/385.html
https://www.youtube.com/results?search_query=math+lesson+for+kids+Shape+hunt+Find+5+objects.+Identify+parallel%2C+perpendicular%2C+equal+sides%2C+and+right+angles.,worksheets/386.html
https://www.youtube.com/results?search_query=math+lesson+for+kids+Today%27s+data+Track+something+for+5+minutes%3A+steps%2C+Lego+colours%2C+reading+pages%2C+weather%2C+or+s,worksheets/387.html
https://www.youtube.com/results?search_query=science+lesson+for+kids+Mini+investigation+Test+how+force+changes+movement%3A+push+a+toy+car+on+carpet%2C+tile%2C+paper%2C+and+towe,worksheets/388.html
https://www.youtube.com/results?search_query=science+lesson+for+kids+Water+%2F+Earth+review+Draw+the+water+cycle+or+layers+of+Earth%27s+surface.+Add+4+labels+and+explain+it+a,worksheets/389.html
https://www.youtube.com/results?search_query=social+studies+lesson+for+kids+Alberta+postcard+Draw+Alberta.+Add+Rockies%2C+prairies%2C+one+city%2C+one+natural+resource%2C+one+officia,worksheets/390.html
https://www.youtube.com/results?search_query=kid+friendly+coping+skills+feelings+activity+Fitness+menu,worksheets/391.html
https://www.youtube.com/results?search_query=kid+friendly+coping+skills+feelings+activity+Scenario+snap,worksheets/392.html
https://www.youtube.com/results?search_query=kids+learning+activity+Make+it+more+real+Sketch+one+object+for+5+minutes.+Improve+it+by+adding+shadow%2C+texture%2C+proportio,worksheets/393.html
https://www.youtube.com/results?search_query=kids+learning+activity+Beat+and+mood+Clap+a+4-beat+pattern%2C+then+change+speed%2Fdynamics%3A+loud%2Fsoft%2C+fast%2Fslow%2C+happy%2Fs,worksheets/394.html
https://www.youtube.com/results?search_query=kids+learning+activity+Weekly+Rotation+-+Monday+Do+French+%2B+math+facts+%2B+PE.+Keep+it+light%3A+2-3+tasks+total.,worksheets/395.html
https://www.youtube.com/results?search_query=kids+learning+activity+Weekly+Rotation+-+Tuesday+Do+English+%2B+science+%2B+art.+Use+any+one+task+from+each+subject.,worksheets/396.html
https://www.youtube.com/results?search_query=kids+learning+activity+Weekly+Rotation+-+Wednesday+Do+French+reading+%2B+math+operations+%2B+music.+Repeat+harder+tasks+in+small+doses.,worksheets/397.html
https://www.youtube.com/results?search_query=kids+learning+activity+Weekly+Rotation+-+Thursday+Do+social+studies+%2B+measurement%2Fdata+%2B+wellness.+Give+one+explanation+aloud.,worksheets/398.html
https://www.youtube.com/results?search_query=kids+learning+activity+Weekly+Rotation+-+Friday+Logan%27s+choice%3A+redo+the+hardest+task%2C+then+the+most+fun+one.+End+with+a+win.,worksheets/399.html
https://www.youtube.com/results?search_query=kid+friendly+coping+skills+feelings+activity+Morning+Serenity+Check,worksheets/400.html
https://www.youtube.com/results?search_query=kid+friendly+coping+skills+feelings+activity+Three-Column+Boundary+Note,worksheets/401.html
https://www.youtube.com/results?search_query=kid+friendly+coping+skills+feelings+activity+One+Kind%2C+Clear+Request,worksheets/402.html
https://www.youtube.com/results?search_query=kid+friendly+coping+skills+feelings+activity+Relationship+Weather+Report,worksheets/403.html
https://www.youtube.com/results?search_query=kid+friendly+coping+skills+feelings+activity+Pause+Before+Helping,worksheets/404.html
https://www.youtube.com/results?search_query=kid+friendly+coping+skills+feelings+activity+Coupleship+Inventory+Bite,worksheets/405.html
https://www.youtube.com/results?search_query=kid+friendly+coping+skills+feelings+activity+CRAFT-Style+Positive+Reinforcement,worksheets/406.html
https://www.youtube.com/results?search_query=kid+friendly+coping+skills+feelings+activity+Resentment+To+Need,worksheets/407.html
https://www.youtube.com/results?search_query=kid+friendly+coping+skills+feelings+activity+Mini+Detachment+Practice,worksheets/408.html
https://www.youtube.com/results?search_query=kid+friendly+coping+skills+feelings+activity+Repair+Without+Over-Owning,worksheets/409.html
https://www.youtube.com/results?search_query=kid+friendly+coping+skills+feelings+activity+Meeting+Reflection,worksheets/410.html
https://www.youtube.com/results?search_query=kid+friendly+coping+skills+feelings+activity+Values-Based+Choice,worksheets/411.html
https://www.youtube.com/results?search_query=kid+friendly+coping+skills+feelings+activity+Couple+Recovery+Question,worksheets/412.html
https://www.youtube.com/results?search_query=kid+friendly+coping+skills+feelings+activity+Support+Contact,worksheets/413.html
https://www.youtube.com/results?search_query=kid+friendly+coping+skills+feelings+activity+Evening+Release,worksheets/414.html
https://www.youtube.com/results?search_query=kid+friendly+coping+skills+feelings+activity+Alateen+Resource+01+-+Teen+Corner,worksheets/415.html
https://www.youtube.com/results?search_query=kid+friendly+coping+skills+feelings+activity+Alateen+Resource+02+-+20+questions,worksheets/416.html
https://www.youtube.com/results?search_query=kid+friendly+coping+skills+feelings+activity+Alateen+Resource+02+-+20+questions,worksheets/417.html
https://www.youtube.com/results?search_query=kid+friendly+coping+skills+feelings+activity+Alateen+Resource+03+-+Facts+About+Alateen,worksheets/418.html
https://www.youtube.com/results?search_query=kid+friendly+coping+skills+feelings+activity+Alateen+Resource+03+-+Facts+About+Alateen,worksheets/419.html
https://www.youtube.com/results?search_query=kid+friendly+coping+skills+feelings+activity+Alateen+Resource+04+-+Newcomer+packet,worksheets/420.html
https://www.youtube.com/results?search_query=kid+friendly+coping+skills+feelings+activity+Alateen+Resource+04+-+Newcomer+packet,worksheets/421.html
https://www.youtube.com/results?search_query=kid+friendly+coping+skills+feelings+activity+Alateen+Resource+05+-+Hope+for+Children,worksheets/422.html
https://www.youtube.com/results?search_query=kid+friendly+coping+skills+feelings+activity+Alateen+Resource+05+-+Hope+for+Children,worksheets/423.html
https://www.youtube.com/results?search_query=kid+friendly+coping+skills+feelings+activity+Alateen+Resource+06+-+Daily+reader,worksheets/424.html
https://www.youtube.com/results?search_query=kid+friendly+coping+skills+feelings+activity+Alateen+Resource+06+-+Daily+reader,worksheets/425.html
https://www.youtube.com/results?search_query=kid+friendly+coping+skills+feelings+activity+Alateen+Resource+07+-+Family+recovery+video,worksheets/426.html
https://www.youtube.com/results?search_query=kid+friendly+coping+skills+feelings+activity+Alateen+Resource+07+-+Family+recovery+video,worksheets/427.html
https://www.youtube.com/results?search_query=kid+friendly+coping+skills+feelings+activity+Alateen+Resource+08+-+Meeting+options,worksheets/428.html
https://www.youtube.com/results?search_query=kid+friendly+coping+skills+feelings+activity+Alateen+Resource+08+-+Meeting+options,worksheets/429.html
https://www.youtube.com/results?search_query=kid+friendly+coping+skills+feelings+activity+Start+Here%3A+What+You+Might+Be+Feeling+Right+Now,worksheets/430.html
https://www.youtube.com/results?search_query=kid+friendly+coping+skills+feelings+activity+Session+1%3A+What+Is+Addiction%3F,worksheets/431.html
https://www.youtube.com/results?search_query=kid+friendly+coping+skills+feelings+activity+Session+2%3A+The+Three+Cs,worksheets/432.html
https://www.youtube.com/results?search_query=kid+friendly+coping+skills+feelings+activity+Session+3%3A+How+It+Affects+You,worksheets/433.html
https://www.youtube.com/results?search_query=kid+friendly+coping+skills+feelings+activity+Session+4%3A+Keeping+Yourself+Safe,worksheets/434.html
https://www.youtube.com/results?search_query=kid+friendly+coping+skills+feelings+activity+Session+5%3A+Talking+About+It,worksheets/435.html
https://www.youtube.com/results?search_query=kid+friendly+coping+skills+feelings+activity+Session+6%3A+Your+Future+Belongs+to+You,worksheets/436.html
https://www.youtube.com/results?search_query=kid+friendly+coping+skills+feelings+activity+Full+Resource+Guide,worksheets/437.html
https://www.youtube.com/results?search_query=kid+friendly+coping+skills+feelings+activity+Start+Here%3A+What+You+Might+Be+Feeling+Right+Now,worksheets/438.html
https://www.youtube.com/results?search_query=kid+friendly+coping+skills+feelings+activity+Session+1%3A+What+Is+Addiction%3F,worksheets/439.html
https://www.youtube.com/results?search_query=kid+friendly+coping+skills+feelings+activity+Session+2%3A+The+Three+Cs,worksheets/440.html
https://www.youtube.com/results?search_query=kid+friendly+coping+skills+feelings+activity+Session+3%3A+How+It+Affects+You,worksheets/441.html
https://www.youtube.com/results?search_query=kid+friendly+coping+skills+feelings+activity+Session+4%3A+Keeping+Yourself+Safe,worksheets/442.html
https://www.youtube.com/results?search_query=kid+friendly+coping+skills+feelings+activity+Session+5%3A+Talking+About+It,worksheets/443.html
https://www.youtube.com/results?search_query=kid+friendly+coping+skills+feelings+activity+Session+6%3A+Your+Future+Belongs+to+You,worksheets/444.html
https://www.youtube.com/results?search_query=kid+friendly+coping+skills+feelings+activity+Full+Resource+Guide,worksheets/445.html
https://www.youtube.com/results?search_query=comparative+religion+study+basics+One+Story%2C+Many+Voices+01+-+Decide+format,worksheets/446.html
https://www.youtube.com/results?search_query=comparative+religion+study+basics+One+Story%2C+Many+Voices+02+-+Create+outline,worksheets/447.html
https://www.youtube.com/results?search_query=comparative+religion+study+basics+One+Story%2C+Many+Voices+03+-+Break+into+sessions,worksheets/448.html
https://www.youtube.com/results?search_query=comparative+religion+study+basics+One+Story%2C+Many+Voices+04+-+Story+comparison+charts,worksheets/449.html
https://www.youtube.com/results?search_query=comparative+religion+study+basics+One+Story%2C+Many+Voices+05+-+Primary+readings,worksheets/450.html
https://www.youtube.com/results?search_query=comparative+religion+study+basics+One+Story%2C+Many+Voices+06+-+Check+claims+and+sources,worksheets/451.html
https://www.youtube.com/results?search_query=comparative+religion+study+basics+One+Story%2C+Many+Voices+07+-+Simplify+language,worksheets/452.html
https://www.youtube.com/results?search_query=comparative+religion+study+basics+One+Story%2C+Many+Voices+08+-+Discussion+questions,worksheets/453.html
https://www.youtube.com/results?search_query=comparative+religion+study+basics+One+Story%2C+Many+Voices+09+-+Create+handouts,worksheets/454.html
https://www.youtube.com/results?search_query=comparative+religion+study+basics+One+Story%2C+Many+Voices+10+-+Tone+rules,worksheets/455.html
https://www.youtube.com/results?search_query=comparative+religion+study+basics+One+Story%2C+Many+Voices+11+-+Introduction,worksheets/456.html
https://www.youtube.com/results?search_query=comparative+religion+study+basics+One+Story%2C+Many+Voices+12+-+Final+packet,worksheets/457.html
https://www.youtube.com/results?search_query=French+lesson+for+kids+The+Environment+-+Noun+phrases+Write+8+French+noun+phrases+with+determiner+%2B+noun+%2B+adjective%2C+making+adjective,worksheets/458.html
https://www.youtube.com/results?search_query=French+lesson+for+kids+The+Environment+-+Correct+adjective+phrases+Rewrite+adjective+phrases+correctly%3A+un+arbre+grand%2C+une+fleur+belle%2C+des+oiseau,worksheets/459.html
https://www.youtube.com/results?search_query=language+arts+lesson+for+kids+The+Environment+-+Persuasive+paragraph+Write+a+persuasive+paragraph+for+or+against+electric+cars%2C+plastic+bans%2C+or+sola,worksheets/460.html
https://www.youtube.com/results?search_query=math+lesson+for+kids+The+Environment+-+Decimals+and+ordering+Round+3.47%2C+8.82%2C+and+12.25+to+the+nearest+tenth%3B+order+0.6%2C+0.56%2C+0.605%2C+and+0.,worksheets/461.html
https://www.youtube.com/results?search_query=math+lesson+for+kids+The+Environment+-+Forest+percentage+Solve%3A+if+40+percent+of+a+500-tree+forest+is+cleared%2C+how+many+trees+remain+and+,worksheets/462.html
https://www.youtube.com/results?search_query=science+lesson+for+kids+The+Environment+-+Ecosystem+food+web+Define+ecosystem%2C+producer%2C+consumer%2C+decomposer%2C+food+chain%2C+and+food+web%3B+draw,worksheets/463.html
https://www.youtube.com/results?search_query=language+arts+lesson+for+kids+My+Summer+Review+-+Summer+poem+Write+a+poem+capturing+the+spirit+of+your+summer+with+metaphors%2C+imagery%2C+and+at,worksheets/464.html
,
,
,
,
,
,
,
https://www.youtube.com/results?search_query=social+studies+lesson+for+kids+Oliver+social+studies+Day+2+Oliver+social+studies+Day+2+%E2%80%94+Reconciliation+deep+dive%3A+TRC+calls+to+action%2C+loc,worksheets/477.html
https://www.youtube.com/results?search_query=social+studies+lesson+for+kids+Oliver+social+studies+Day+3+Oliver+social+studies+Day+3+%E2%80%94+Globalization%3A+supply+chains%2C+economic+interdepend,worksheets/478.html
https://www.youtube.com/results?search_query=social+studies+lesson+for+kids+Oliver+social+studies+Day+4+Oliver+social+studies+Day+4+%E2%80%94+Human+rights%3A+UN+Convention%2C+current+global+issues,worksheets/479.html
https://www.youtube.com/results?search_query=social+studies+lesson+for+kids+Oliver+social+studies+Day+5+Oliver+social+studies+Day+5+%E2%80%94+Francophone+communities+outside+Quebec%2C+cultural+p,worksheets/480.html
https://www.youtube.com/results?search_query=social+studies+lesson+for+kids+Write+Logan+social+studies+missions+Write+Logan+social+studies+missions+%E2%80%94+Grade+3-4+Alberta%3A+community%2C+Indigenous+p,worksheets/481.html
https://www.youtube.com/results?search_query=social+studies+lesson+for+kids+Logan+social+studies+Day+2+Logan+social+studies+Day+2+%E2%80%94+Indigenous+peoples+of+Alberta%3A+3+groups%2C+traditions,worksheets/482.html
https://www.youtube.com/results?search_query=social+studies+lesson+for+kids+Logan+social+studies+Day+3+Logan+social+studies+Day+3+%E2%80%94+Natural+resources+of+Alberta%3A+what+they+are+and+why,worksheets/483.html
https://www.youtube.com/results?search_query=social+studies+lesson+for+kids+Logan+social+studies+Day+4+Logan+social+studies+Day+4+%E2%80%94+My+community%3A+map+drawing%2C+French+place+labels%2C+com,worksheets/484.html
https://www.youtube.com/results?search_query=social+studies+lesson+for+kids+Logan+social+studies+Day+5+Logan+social+studies+Day+5+%E2%80%94+Rights+and+responsibilities%3A+UN+Convention+for+Chil,worksheets/485.html
,
,
,
,
,
,
,
,
,
,
,
,
,
,
,
,
,
,
,
,
,
https://www.youtube.com/results?search_query=social+studies+lesson+for+kids+Diety+Research+deities+story+%28why+they+matter+for+the+Greek+culture%29%2C+a+description+of+their+ph,worksheets/507.html
,
,
,
,
,
,
https://www.youtube.com/results?search_query=language+arts+lesson+for+kids+Pick+book+Pick+your+summer+chapter+book,worksheets/row-430.html
,
